Subject,Status,Start Time,End Time,Size,Read,Transferred,Duration
MAWF,Success,下午 01:17:57,下午 02:12:30,400 GB,246.1 GB,636 MB,0:54:33
MAWF,Success,下午 04:17:50,下午 05:22:08,400 GB,246.1 GB,434.5 MB,1:04:17
MAWF,Success,下午 07:17:53,下午 08:12:49,400 GB,246.1 GB,226 MB,0:54:55
MAWF,Success,上午 07:18:01,上午 08:13:23,400 GB,246.1 GB,234 MB,0:55:21
MAWF,Success,上午 10:17:54,上午 11:07:30,400 GB,246.1 GB,402 MB,0:49:36
MAWF,Success,下午 04:17:54,下午 05:40:51,400 GB,246.1 GB,512 MB,1:22:57
MAWF,Success,下午 08:18:05,下午 09:40:06,400 GB,246.1 GB,228 MB,1:22:00
MAWF,Success,上午 03:17:58,上午 06:19:23,400 GB,246.1 GB,967 MB,3:01:24
SECOM,Success,上午 06:28:14,上午 08:39:17,931.5 GB,458.7 GB,1023.7 MB,2:11:03
MAWF,Success,下午 12:17:54,下午 01:50:11,400 GB,246.1 GB,313.5 MB,1:32:16
SECOM,Success,下午 07:28:08,下午 10:24:30,931.5 GB,458.9 GB,422.7 MB,2:56:21
MAWF,Success,下午 10:18:02,下午 11:38:50,400 GB,246.1 GB,218.5 MB,1:20:48
MAWF,Success,上午 06:18:05,上午 07:28:50,400 GB,246.2 GB,286 MB,1:10:45
SECOM,Success,上午 06:28:09,上午 09:02:59,931.5 GB,458.8 GB,274.7 MB,2:34:49
MAWF,Success,上午 10:18:04,上午 11:20:15,400 GB,246.2 GB,189 MB,1:02:11
SECOM,Success,上午 11:28:07,下午 01:29:49,931.5 GB,458.9 GB,220.7 MB,2:01:42
MAWF,Success,下午 04:18:05,下午 05:26:09,400 GB,246.2 GB,392 MB,1:08:03
MAWF,Success,下午 08:18:11,下午 09:42:58,400 GB,246.2 GB,183 MB,1:24:46
MAWF,Success,上午 12:34:42,上午 03:28:25,400 GB,265.5 GB,19.8 GB,2:53:43
MAWF,Success,上午 06:18:05,上午 07:23:20,400 GB,246.2 GB,353.5 MB,1:05:15
MAWF,Success,上午 10:17:47,上午 11:40:36,400 GB,246.2 GB,170.5 MB,1:22:48
MAWF,Success,下午 06:29:31,下午 07:53:28,400 GB,246.2 GB,374 MB,1:23:57
SECOM,Success,下午 05:28:09,下午 07:45:54,931.5 GB,458.9 GB,324.2 MB,2:17:44
MAWF,Success,下午 10:17:51,下午 11:27:59,400 GB,246.2 GB,191.5 MB,1:10:07
SECOM,Success,下午 10:27:55,上午 01:48:13,931.5 GB,459 GB,219.2 MB,3:20:17
SECOM,Success,上午 04:28:13,上午 06:30:04,931.5 GB,459 GB,501.7 MB,2:01:51
MAWF,Success,上午 05:18:01,上午 06:37:41,400 GB,246.2 GB,418.5 MB,1:19:40
MAWF,Success,上午 09:17:58,上午 11:28:43,400 GB,246.2 GB,228 MB,2:10:44
SECOM,Success,下午 08:28:12,下午 11:24:31,931.5 GB,459.1 GB,248.7 MB,2:56:18
MAWF,Success,上午 06:18:05,上午 07:45:11,400 GB,246.3 GB,324 MB,1:27:06
MAWF,Success,上午 09:17:50,上午 11:41:07,400 GB,246.3 GB,275.5 MB,2:23:16
MAWF,Success,下午 02:17:44,下午 04:16:16,400 GB,246.3 GB,360 MB,1:58:32
MAWF,Success,下午 07:27:17,下午 09:02:48,400 GB,246.4 GB,408 MB,1:35:31
MAWF,Success,下午 11:18:03,上午 12:44:48,400 GB,246.4 GB,156 MB,1:26:45
SECOM,Success,下午 11:28:06,上午 02:20:31,931.5 GB,460.2 GB,415.3 MB,2:52:25
SECOM,Success,上午 06:27:56,上午 09:18:58,931.5 GB,459.5 GB,327.3 MB,2:51:02
MAWF,Success,下午 12:17:50,下午 02:41:13,400 GB,246.4 GB,403.5 MB,2:23:23
MAWF,Success,下午 05:36:47,下午 07:27:10,400 GB,246.4 GB,626.5 MB,1:50:23
MAWF,Success,下午 10:17:52,上午 12:01:08,400 GB,246.4 GB,164 MB,1:43:16
MAWF,Success,上午 02:18:11,上午 05:05:49,400 GB,246.4 GB,560.5 MB,2:47:37
MAWF,Success,上午 07:18:11,上午 09:27:06,400 GB,246.4 GB,220 MB,2:08:54
MAWF,Success,上午 11:18:06,下午 12:50:57,400 GB,246.9 GB,473.1 MB,1:32:51
MAWF,Success,下午 12:18:06,下午 01:23:14,400 GB,247 GB,332.1 MB,1:05:08
SECOM,Success,上午 11:28:15,下午 01:48:22,931.5 GB,459.8 GB,598.8 MB,2:20:07
MAWF,Success,下午 09:18:06,下午 11:54:08,400 GB,247.1 GB,195.1 MB,2:36:01
MAWF,Success,上午 08:18:07,上午 10:48:15,400 GB,247.1 GB,293.1 MB,2:30:07
MAWF,Success,下午 12:17:51,下午 01:50:39,400 GB,247.1 GB,178.1 MB,1:32:48
MAWF,Success,下午 07:18:03,下午 08:26:01,400 GB,247.1 GB,311.1 MB,1:07:58
SECOM,Success,下午 07:28:06,下午 10:02:23,931.5 GB,460.1 GB,356.8 MB,2:34:16
MAWF,Success,下午 10:18:02,上午 12:10:52,400 GB,247.1 GB,163.1 MB,1:52:50
MAWF,Success,上午 07:17:43,上午 08:27:17,400 GB,247.2 GB,266.1 MB,1:09:34
MAWF,Success,上午 11:17:40,下午 12:42:56,400 GB,247.2 GB,147.1 MB,1:25:16
SECOM,Success,下午 02:27:44,下午 04:32:56,931.5 GB,460.1 GB,592.8 MB,2:05:12
MAWF,Success,下午 11:18:10,上午 01:55:17,400 GB,247.2 GB,182.1 MB,2:37:07
MAWF,Success,上午 11:18:03,下午 01:19:20,400 GB,247.3 GB,545.1 MB,2:01:16
MAWF,Success,下午 08:18:11,下午 09:20:12,400 GB,247.3 GB,303.1 MB,1:02:01
SECOM,Success,下午 11:28:05,上午 01:36:25,931.5 GB,460.3 GB,398.3 MB,2:08:19
MAWF,Success,上午 12:34:10,上午 03:53:54,400 GB,266.7 GB,21.2 GB,3:19:43
MAWF,Success,上午 07:17:45,上午 08:49:46,400 GB,247.3 GB,270.6 MB,1:32:01
MAWF,Success,上午 10:18:02,下午 12:18:55,400 GB,247.3 GB,408.6 MB,2:00:52
MAWF,Success,下午 03:36:43,下午 05:27:37,400 GB,247.3 GB,1.2 GB,1:50:53
SECOM,Success,上午 05:27:55,上午 07:46:05,931.5 GB,461.3 GB,1.4 GB,2:18:10
MAWF,Success,上午 10:18:02,下午 12:58:30,400 GB,248 GB,473.1 MB,2:40:27
SECOM,Success,下午 02:27:53,下午 04:38:58,931.5 GB,461.5 GB,684.9 MB,2:11:05
MAWF,Success,下午 11:18:48,上午 02:06:56,400 GB,248 GB,83.6 MB,2:48:07
MAWF,Success,上午 11:18:10,下午 12:23:53,400 GB,248.2 GB,598.6 MB,1:05:42
SECOM,Success,下午 12:28:09,下午 02:31:51,931.5 GB,463.6 GB,336.5 MB,2:03:42
MAWF,Success,下午 03:18:07,下午 04:58:19,400 GB,248.2 GB,634.6 MB,1:40:12
MAWF,Success,下午 06:19:04,下午 08:11:14,400 GB,248.2 GB,1.5 GB,1:52:10
SECOM,Success,下午 05:27:49,下午 08:34:13,931.5 GB,463.7 GB,431 MB,3:06:24
MAWF,Success,下午 11:17:51,上午 01:45:42,400 GB,248.6 GB,572.2 MB,2:27:50
MAWF,Success,下午 04:38:25,下午 06:07:47,400 GB,248.9 GB,1.1 GB,1:29:22
SECOM,Success,下午 08:27:46,下午 11:55:57,931.5 GB,464.2 GB,600 MB,3:28:10
MAWF,Success,上午 02:17:50,上午 04:57:42,400 GB,248.9 GB,501.2 MB,2:39:51
MAWF,Success,上午 07:18:04,上午 08:42:42,400 GB,248.9 GB,196.2 MB,1:24:38
SECOM,Success,上午 10:27:52,下午 12:36:42,931.5 GB,464.2 GB,413.5 MB,2:08:50
MAWF,Success,上午 11:17:52,下午 12:42:13,400 GB,248.9 GB,144.2 MB,1:24:21
MAWF,Success,下午 03:17:53,下午 05:29:34,400 GB,248.9 GB,476.7 MB,2:11:40
MAWF,Success,下午 07:18:11,下午 09:29:40,400 GB,248.9 GB,229.2 MB,2:11:29
SECOM,Success,上午 05:28:06,上午 07:37:19,931.5 GB,462 GB,596.9 MB,2:09:13
SECOM,Success,上午 05:28:06,上午 07:37:19,931.5 GB,462 GB,596.9 MB,2:09:13
MAWF,Success,上午 10:18:07,下午 12:33:22,400 GB,248.9 GB,166.2 MB,2:15:15
SECOM,Success,下午 04:27:53,下午 06:30:32,931.5 GB,461.9 GB,540.9 MB,2:02:38
MAWF,Success,下午 05:17:47,下午 06:35:54,400 GB,248.9 GB,770.7 MB,1:18:06
MAWF,Success,下午 12:17:57,下午 01:35:00,400 GB,248.8 GB,944.2 MB,1:17:03
MAWF,Success,下午 04:17:54,下午 06:39:35,400 GB,248.8 GB,534.2 MB,2:21:40
MAWF,Success,下午 01:17:58,下午 03:03:49,400 GB,248.7 GB,246.2 MB,1:45:51
SECOM,Success,下午 01:28:01,下午 03:33:15,931.5 GB,462.1 GB,282.4 MB,2:05:13
MAWF,Success,下午 04:18:12,下午 05:08:52,400 GB,248.7 GB,448.2 MB,0:50:40
MAWF,Success,下午 10:17:46,下午 11:48:39,400 GB,248.7 GB,170.7 MB,1:30:52
MAWF,Success,上午 08:17:58,上午 09:43:41,400 GB,248.8 GB,358.2 MB,1:25:42
MAWF,Success,下午 12:18:09,下午 01:43:37,400 GB,248.8 GB,385.7 MB,1:25:28
SECOM,Success,下午 12:27:56,下午 03:01:30,931.5 GB,462.4 GB,311.9 MB,2:33:34
MAWF,Success,上午 09:18:09,上午 10:32:14,400 GB,248.9 GB,465.2 MB,1:14:04
SECOM,Success,上午 08:28:06,上午 10:36:44,931.5 GB,462.7 GB,728 MB,2:08:38
MAWF,Success,上午 09:17:57,上午 10:40:02,400 GB,248.9 GB,412.2 MB,1:22:04
MAWF,Success,下午 06:18:11,下午 08:33:04,400 GB,248.9 GB,1.7 GB,2:14:52
MAWF,Success,下午 10:19:34,下午 11:28:11,400 GB,244.3 GB,289.9 MB,1:08:37
MAWF,Success,上午 07:19:23,上午 07:23:36,400 GB,204.5 MB,199.3 MB,0:04:13
MAWF,Success,下午 02:37:41,下午 05:17:34,400 GB,248.5 GB,760.7 MB,2:39:52
MAWF,Success,下午 11:18:12,上午 12:58:26,400 GB,248.6 GB,237.7 MB,1:40:13
SECOM,Success,下午 05:27:49,下午 07:25:33,931.5 GB,463.2 GB,215.5 MB,1:57:43
MAWF,Success,下午 06:29:35,下午 07:43:17,400 GB,248.6 GB,203.2 MB,1:13:41
MAWF,Success,下午 10:18:06,上午 12:44:45,400 GB,248.6 GB,157.7 MB,2:26:39
MAWF,Success,下午 06:18:05,下午 07:28:26,400 GB,248.8 GB,831.2 MB,1:10:20
MAWF,Success,下午 10:18:13,下午 11:42:44,400 GB,248.8 GB,178.2 MB,1:24:30
MAWF,Success,下午 03:18:11,下午 04:27:21,400 GB,248.8 GB,641.2 MB,1:09:09
SECOM,Success,下午 04:28:12,下午 06:44:46,931.5 GB,464.5 GB,787.6 MB,2:16:34
MAWF,Success,下午 07:18:07,下午 08:42:31,400 GB,248.8 GB,210.2 MB,1:24:23
MAWF,Success,下午 10:17:57,下午 11:12:53,400 GB,248.8 GB,155.7 MB,0:54:55
SECOM,Success,下午 10:28:01,上午 01:11:37,931.5 GB,464.5 GB,343.1 MB,2:43:35
SECOM,Success,上午 03:27:55,上午 05:31:05,931.5 GB,464 GB,194.5 MB,2:03:10
MAWF,Success,上午 03:17:47,上午 06:18:36,400 GB,248.9 GB,664.7 MB,3:00:48
MAWF,Success,上午 09:18:16,上午 10:27:51,400 GB,248.9 GB,401.2 MB,1:09:35
SECOM,Success,上午 09:27:49,上午 11:50:00,931.5 GB,464.3 GB,357 MB,2:22:11
MAWF,Success,下午 05:17:46,下午 06:43:10,400 GB,248.9 GB,748.2 MB,1:25:24
SECOM,Success,下午 07:27:53,下午 11:11:31,931.5 GB,464.5 GB,674.6 MB,3:43:37
MAWF,Success,上午 05:19:30,上午 05:24:14,400 GB,197.5 MB,186.3 MB,0:04:43
SECOM,Success,上午 04:27:54,上午 05:47:02,931.5 GB,466.2 GB,387.2 MB,1:19:07
MAWF,Success,上午 06:17:56,上午 07:45:46,400 GB,248.9 GB,221.7 MB,1:27:49
MAWF,Success,上午 09:18:08,上午 10:41:04,400 GB,248.9 GB,325.7 MB,1:22:55
MAWF,Success,下午 12:17:55,下午 01:48:34,400 GB,248.9 GB,594.7 MB,1:30:38
MAWF,Success,下午 04:17:58,下午 05:25:20,400 GB,248.9 GB,333.2 MB,1:07:22
SECOM,Success,下午 03:27:46,下午 05:39:35,931.5 GB,466.3 GB,425.2 MB,2:11:48
MAWF,Success,下午 08:18:18,下午 10:29:55,400 GB,248.9 GB,283.2 MB,2:11:36
MAWF,Success,下午 12:20:08,下午 02:15:38,400 GB,248.9 GB,259.2 MB,1:55:30
SECOM,Success,下午 04:27:48,下午 06:36:42,931.5 GB,466.2 GB,368.2 MB,2:08:54
MAWF,Success,下午 05:30:11,下午 06:49:27,400 GB,248.9 GB,252.7 MB,1:19:16
MAWF,Success,上午 09:17:45,上午 10:35:40,400 GB,248.9 GB,313.7 MB,1:17:54
MAWF,Success,下午 01:17:59,下午 03:37:04,400 GB,248.9 GB,264.7 MB,2:19:05
MAWF,Success,下午 05:18:09,下午 07:15:05,400 GB,248.9 GB,572.7 MB,1:56:55
SECOM,Success,下午 07:27:53,下午 10:53:48,931.5 GB,464.5 GB,315.1 MB,3:25:55
MAWF,Success,下午 04:18:10,下午 05:41:44,400 GB,248.9 GB,143.2 MB,1:23:33
SECOM,Success,上午 07:27:55,上午 10:12:27,931.5 GB,465.4 GB,327.1 MB,2:44:31
MAWF,Success,上午 09:17:45,上午 10:41:50,400 GB,249 GB,247.7 MB,1:24:05
MAWF,Success,下午 01:17:58,下午 03:01:11,400 GB,249 GB,468.7 MB,1:43:13
MAWF,Success,下午 05:18:08,下午 06:31:24,400 GB,249 GB,1.6 GB,1:13:15
SECOM,Success,下午 05:27:55,下午 07:44:41,931.5 GB,465.5 GB,786.6 MB,2:16:46
MAWF,Success,下午 08:18:01,下午 09:44:26,400 GB,249 GB,198.7 MB,1:26:24
MAWF,Success,下午 11:18:07,上午 12:55:52,400 GB,249 GB,156.2 MB,1:37:45
MAWF,Success,上午 11:32:42,下午 02:20:31,400 GB,248.9 GB,2 GB,2:47:49
SECOM,Success,上午 11:32:42,下午 03:23:48,931.5 GB,389.3 GB,1.3 GB,3:51:06
MAWF,Success,上午 09:36:55,上午 11:39:19,400 GB,249 GB,1.2 GB,2:02:24
MAWF,Success,上午 09:18:09,上午 10:33:50,400 GB,249.1 GB,292.7 MB,1:15:41
MAWF,Success,下午 12:17:48,下午 02:04:29,400 GB,249.1 GB,257.7 MB,1:46:40
MAWF,Success,下午 05:18:16,下午 06:29:00,400 GB,249.1 GB,1 GB,1:10:43
SECOM,Success,下午 05:27:50,下午 08:02:49,931.5 GB,468.6 GB,358.8 MB,2:34:59
SECOM,Success,下午 10:27:58,上午 01:08:40,931.5 GB,468.6 GB,197.8 MB,2:40:41
MAWF,Success,上午 10:17:45,上午 11:36:33,400 GB,249.2 GB,254.2 MB,1:18:48
MAWF,Success,下午 05:18:04,下午 07:30:47,400 GB,249.2 GB,696.2 MB,2:12:42
MAWF,Success,上午 12:33:54,上午 04:10:02,400 GB,269 GB,20.9 GB,3:36:07
SECOM,Success,上午 03:27:51,上午 06:39:26,931.5 GB,468.4 GB,352.3 MB,3:11:35
MAWF,Success,上午 10:18:08,上午 11:26:01,400 GB,249.4 GB,180.7 MB,1:07:53
SECOM,Success,上午 10:27:41,下午 12:46:50,931.5 GB,468.5 GB,341.3 MB,2:19:08
MAWF,Success,下午 04:17:39,下午 06:09:34,400 GB,249.4 GB,133.2 MB,1:51:55
MAWF,Success,下午 09:18:02,下午 10:38:50,400 GB,249.4 GB,172.7 MB,1:20:47
MAWF,Success,上午 09:17:54,上午 10:26:42,400 GB,249.4 GB,124.7 MB,1:08:48
SECOM,Success,下午 12:28:12,下午 02:33:49,931.5 GB,466.7 GB,224.2 MB,2:05:37
MAWF,Success,下午 01:17:57,下午 02:46:32,400 GB,249.4 GB,133.2 MB,1:28:35
MAWF,Success,下午 05:18:06,下午 07:29:38,400 GB,249.4 GB,598.2 MB,2:11:32
MAWF,Success,下午 11:18:02,上午 01:05:54,400 GB,249.4 GB,146.7 MB,1:47:52
SECOM,Success,下午 11:28:05,上午 02:51:31,931.5 GB,466.6 GB,317.7 MB,3:23:26
SECOM,Success,下午 12:27:47,下午 02:33:10,931.5 GB,466.7 GB,213.7 MB,2:05:22
MAWF,Success,下午 02:18:00,下午 03:22:04,400 GB,249.4 GB,308.7 MB,1:04:04
SECOM,Success,下午 05:28:00,下午 07:23:52,931.5 GB,466.7 GB,737.2 MB,1:55:51
MAWF,Success,下午 06:18:06,下午 07:35:42,400 GB,249.4 GB,323.7 MB,1:17:36
MAWF,Success,下午 10:18:06,上午 12:45:33,400 GB,249.4 GB,176.2 MB,2:27:26
MAWF,Success,上午 09:18:06,上午 10:06:49,400 GB,249.4 GB,189.2 MB,0:48:42
SECOM,Success,上午 11:28:00,下午 01:42:38,931.5 GB,468.5 GB,242.3 MB,2:14:37
MAWF,Success,下午 06:30:26,下午 07:53:25,400 GB,249.4 GB,215.7 MB,1:22:59
MAWF,Success,下午 10:17:47,下午 11:29:12,400 GB,249.4 GB,163.2 MB,1:11:25
SECOM,Success,下午 10:27:51,上午 01:02:04,931.5 GB,468.6 GB,226.8 MB,2:34:13
MAWF,Success,上午 11:18:04,下午 12:51:04,400 GB,250 GB,324.8 MB,1:32:59
MAWF,Success,下午 07:32:14,下午 08:46:47,400 GB,250.3 GB,637.3 MB,1:14:33
SECOM,Success,下午 10:27:47,上午 12:42:55,931.5 GB,467 GB,296.2 MB,2:15:07
MAWF,Success,下午 11:33:52,上午 01:04:59,400 GB,250.5 GB,110.8 MB,1:31:07
SECOM,Success,上午 03:28:00,上午 05:59:25,931.5 GB,467 GB,346.7 MB,2:31:24
MAWF,Success,下午 05:18:02,下午 06:29:46,400 GB,250.6 GB,1.4 GB,1:11:43
SECOM,Success,下午 05:28:06,下午 07:53:14,931.5 GB,467 GB,1.4 GB,2:25:08
MAWF,Success,下午 08:18:14,下午 09:46:35,400 GB,250.6 GB,525.3 MB,1:28:21
SECOM,Success,下午 11:27:53,上午 01:34:12,931.5 GB,467 GB,197.2 MB,2:06:19
MAWF,Success,上午 12:34:54,上午 04:15:27,400 GB,270.3 GB,20.9 GB,3:40:33
MAWF,Success,上午 05:17:42,上午 08:42:10,400 GB,250.6 GB,497.8 MB,3:24:28
SECOM,Success,上午 10:28:02,下午 12:28:17,931.5 GB,467 GB,271.7 MB,2:00:15
MAWF,Success,上午 11:17:57,下午 12:36:37,400 GB,250.6 GB,617.8 MB,1:18:40
MAWF,Success,下午 03:18:04,下午 05:37:40,400 GB,250.6 GB,1.2 GB,2:19:35
MAWF,Success,下午 07:17:57,下午 08:44:09,400 GB,250.7 GB,253.3 MB,1:26:12
MAWF,Success,下午 10:18:10,下午 11:29:49,400 GB,250.7 GB,172.8 MB,1:11:38
SECOM,Success,下午 10:27:44,上午 01:05:54,931.5 GB,467.1 GB,294.2 MB,2:38:10
MAWF,Success,上午 08:19:42,上午 10:08:47,400 GB,250.7 GB,73.8 MB,1:49:05
MAWF,Success,下午 08:37:26,下午 11:04:02,400 GB,250.7 GB,106.8 MB,2:26:35
MAWF,Success,上午 09:18:13,上午 10:36:58,400 GB,250.8 GB,211.3 MB,1:18:45
MAWF,Success,下午 12:17:57,下午 01:41:46,400 GB,250.8 GB,133.3 MB,1:23:48
MAWF,Success,下午 03:18:58,下午 05:17:03,400 GB,250.8 GB,236.8 MB,1:58:04
SECOM,Success,下午 07:27:58,下午 09:18:50,931.5 GB,467.3 GB,219.7 MB,1:50:51
MAWF,Success,下午 08:17:54,下午 09:33:49,400 GB,250.8 GB,167.8 MB,1:15:54
MAWF,Success,下午 11:18:48,上午 01:23:00,400 GB,250.8 GB,119.3 MB,2:04:12
SECOM,Success,上午 12:27:50,上午 04:17:02,931.5 GB,469.5 GB,3.1 GB,3:49:12
SECOM,Success,上午 06:27:57,上午 08:52:20,931.5 GB,469.5 GB,305.4 MB,2:24:22
MAWF,Success,上午 08:17:57,上午 09:34:08,400 GB,250.6 GB,259.8 MB,1:16:10
MAWF,Success,下午 12:18:10,下午 02:20:59,400 GB,250.6 GB,482.3 MB,2:02:48
MAWF,Success,下午 04:19:09,下午 06:10:27,400 GB,250.6 GB,425.3 MB,1:51:18
MAWF,Success,下午 09:17:47,下午 10:35:41,400 GB,250.6 GB,193.3 MB,1:17:54
MAWF,Success,上午 09:18:11,上午 10:38:09,400 GB,250.6 GB,403.3 MB,1:19:57
MAWF,Success,下午 09:24:18,下午 10:45:19,400 GB,250.7 GB,190.8 MB,1:21:01
SECOM,Success,上午 06:27:59,上午 08:40:14,931.5 GB,467.4 GB,263.2 MB,2:12:14
SECOM,Success,上午 06:27:59,上午 08:40:14,931.5 GB,467.4 GB,263.2 MB,2:12:14
MAWF,Success,上午 09:18:06,上午 10:42:24,400 GB,250.7 GB,334.3 MB,1:24:18
SECOM,Success,上午 11:27:42,下午 01:29:12,931.5 GB,467.5 GB,211.7 MB,2:01:30
MAWF,Success,下午 01:17:53,下午 02:28:54,400 GB,250.7 GB,379.3 MB,1:11:00
SECOM,Success,下午 04:27:48,下午 06:27:53,931.5 GB,467.5 GB,586.3 MB,2:00:05
MAWF,Success,下午 05:17:42,下午 06:39:00,400 GB,250.7 GB,923.3 MB,1:21:18
MAWF,Success,下午 09:18:25,下午 11:54:20,400 GB,250.7 GB,145.3 MB,2:35:55
MAWF,Success,上午 10:18:05,下午 12:06:37,400 GB,250.7 GB,378.8 MB,1:48:32
MAWF,Success,下午 04:30:38,下午 05:16:29,400 GB,250.7 GB,855.8 MB,0:45:51
MAWF,Success,下午 08:18:02,下午 09:40:39,400 GB,250.8 GB,305.3 MB,1:22:36
SECOM,Success,下午 07:27:48,下午 09:49:19,931.5 GB,467.6 GB,277.3 MB,2:21:30
MAWF,Success,上午 08:17:44,上午 09:43:53,400 GB,250.8 GB,147.3 MB,1:26:09
SECOM,Success,上午 11:27:57,下午 01:01:25,931.5 GB,467.6 GB,273.3 MB,1:33:27
MAWF,Success,下午 12:18:18,下午 01:55:29,400 GB,250.8 GB,338.3 MB,1:37:10
MAWF,Success,下午 04:17:46,下午 05:28:40,400 GB,250.8 GB,474.3 MB,1:10:53
SECOM,Success,下午 04:27:50,下午 06:58:36,931.5 GB,467.6 GB,618.8 MB,2:30:46
MAWF,Success,下午 07:18:11,下午 09:12:47,400 GB,250.8 GB,298.3 MB,1:54:36
MAWF,Success,上午 09:18:13,上午 10:26:32,400 GB,251.2 GB,545.8 MB,1:08:18
SECOM,Success,上午 09:27:47,上午 11:46:59,931.5 GB,467.7 GB,253.3 MB,2:19:12
MAWF,Success,下午 02:17:53,下午 03:26:37,400 GB,251.2 GB,337.8 MB,1:08:43
SECOM,Success,下午 02:28:03,下午 04:58:29,931.5 GB,467.7 GB,635.3 MB,2:30:25
MAWF,Success,下午 11:17:54,上午 12:51:20,400 GB,251.2 GB,242.8 MB,1:33:26
SECOM,Success,上午 07:28:03,上午 10:16:04,931.5 GB,468.5 GB,259.8 MB,2:48:01
MAWF,Success,上午 10:18:02,上午 11:43:20,400 GB,251.2 GB,354.8 MB,1:25:18
SECOM,Success,下午 12:27:57,下午 03:53:27,931.5 GB,468.5 GB,685.8 MB,3:25:30
MAWF,Success,下午 02:17:42,下午 04:20:33,400 GB,251.2 GB,349.3 MB,2:02:51
MAWF,Success,上午 09:17:50,上午 10:41:28,400 GB,251.2 GB,355.8 MB,1:23:37
MAWF,Success,下午 01:34:15,下午 02:40:48,400 GB,251.2 GB,928.8 MB,1:06:33
MAWF,Success,上午 08:18:12,上午 10:21:08,400 GB,251.2 GB,184.8 MB,2:02:55
MAWF,Success,下午 01:17:55,下午 03:40:54,400 GB,251.2 GB,193.3 MB,2:22:58
MAWF,Success,下午 05:17:47,下午 07:50:28,400 GB,251.2 GB,811.8 MB,2:32:40
MAWF,Success,下午 11:17:47,上午 12:42:54,400 GB,251.2 GB,177.3 MB,1:25:06
SECOM,Success,下午 11:27:56,上午 02:16:30,931.5 GB,469.1 GB,145.8 MB,2:48:33
MAWF,Success,上午 10:17:58,下午 12:23:05,400 GB,251.2 GB,462.8 MB,2:05:06
MAWF,Success,下午 02:20:17,下午 03:54:07,400 GB,251.2 GB,578.3 MB,1:33:50
MAWF,Success,下午 10:17:46,下午 11:25:53,400 GB,251.3 GB,165.3 MB,1:08:07
SECOM,Success,下午 10:27:55,上午 01:23:44,931.5 GB,470.9 GB,1.4 GB,2:55:48
SECOM,Success,上午 04:28:05,上午 06:20:57,931.5 GB,468.2 GB,803.8 MB,1:52:51
MAWF,Success,下午 01:17:48,下午 02:56:46,400 GB,251.3 GB,325.8 MB,1:38:58
SECOM,Success,下午 04:28:12,下午 06:42:33,931.5 GB,468.8 GB,1.4 GB,2:14:20
MAWF,Success,下午 05:31:54,下午 06:49:15,400 GB,251.4 GB,452.3 MB,1:17:21
MAWF,Success,下午 09:18:17,下午 11:33:19,400 GB,251.4 GB,155.8 MB,2:15:02
MAWF,Success,上午 03:17:45,上午 06:05:33,400 GB,251.4 GB,520.3 MB,2:47:47
SECOM,Success,上午 11:28:14,下午 01:36:29,931.5 GB,468.8 GB,635.8 MB,2:08:15
MAWF,Success,下午 04:18:10,下午 06:27:45,400 GB,251.4 GB,1.4 GB,2:09:35
MAWF,Success,下午 08:17:55,下午 10:14:07,400 GB,251.4 GB,193.3 MB,1:56:11
SECOM,Success,下午 10:28:08,上午 01:17:37,931.5 GB,468.8 GB,142.8 MB,2:49:29
SECOM,Success,上午 05:27:59,上午 07:44:35,931.5 GB,471.3 GB,376 MB,2:16:36
MAWF,Success,下午 12:17:43,下午 01:23:53,400 GB,251.4 GB,154.3 MB,1:06:10
MAWF,Success,下午 04:17:48,下午 06:17:08,400 GB,251.4 GB,295.3 MB,1:59:19
MAWF,Success,下午 09:17:50,下午 11:32:50,400 GB,251.4 GB,195.8 MB,2:14:59
MAWF,Success,下午 05:17:53,下午 07:30:57,400 GB,251.4 GB,773.8 MB,2:13:04
SECOM,Success,上午 05:27:57,上午 08:57:23,931.5 GB,468.9 GB,283.3 MB,3:29:25
MAWF,Success,下午 03:17:59,下午 05:26:02,400 GB,251.5 GB,838.4 MB,2:08:03
SECOM,Success,下午 05:28:03,下午 07:41:42,931.5 GB,469 GB,302.3 MB,2:13:38
MAWF,Success,上午 10:17:52,上午 11:29:20,400 GB,251.5 GB,480.8 MB,1:11:27
SECOM,Success,上午 10:28:01,下午 12:54:32,931.5 GB,469.1 GB,730.9 MB,2:26:31
MAWF,Success,下午 01:17:43,下午 03:29:39,400 GB,251.5 GB,227.8 MB,2:11:55
SECOM,Success,下午 03:27:57,下午 05:43:42,931.5 GB,469.1 GB,880.9 MB,2:15:44
MAWF,Success,下午 10:17:55,下午 11:40:19,400 GB,251.5 GB,277.3 MB,1:22:24
MAWF,Success,上午 09:17:54,上午 11:32:43,400 GB,251.6 GB,334.3 MB,2:14:49
MAWF,Success,下午 02:42:52,下午 04:45:31,400 GB,251.6 GB,264.8 MB,2:02:39
MAWF,Success,下午 11:18:06,上午 12:42:57,400 GB,251.6 GB,173.8 MB,1:24:50
SECOM,Success,下午 10:27:47,上午 01:01:47,931.5 GB,471 GB,309.5 MB,2:33:59
SECOM,Success,上午 03:28:07,上午 05:41:47,931.5 GB,471.6 GB,342 MB,2:13:39
MAWF,Success,上午 09:18:06,上午 10:52:49,400 GB,252.1 GB,343.4 MB,1:34:43
SECOM,Success,上午 09:28:10,上午 11:32:55,931.5 GB,471.6 GB,681.5 MB,2:04:45
MAWF,Success,下午 12:17:52,下午 01:43:23,400 GB,252.1 GB,249.9 MB,1:25:31
MAWF,Success,下午 03:18:09,下午 04:33:29,400 GB,252.1 GB,596.4 MB,1:15:19
SECOM,Success,下午 03:27:56,下午 05:56:17,931.5 GB,471.6 GB,640.5 MB,2:28:21
MAWF,Success,下午 09:18:12,下午 10:26:15,400 GB,252.1 GB,431.9 MB,1:08:02
SECOM,Success,下午 09:27:58,上午 12:09:56,931.5 GB,471.6 GB,635 MB,2:41:57
MAWF,Success,上午 09:18:09,上午 10:42:25,400 GB,252.1 GB,272.9 MB,1:24:15
MAWF,Success,下午 12:18:04,下午 02:23:06,400 GB,252.2 GB,2.3 GB,2:05:02
SECOM,Success,下午 02:28:07,下午 04:45:52,931.5 GB,471.6 GB,796.5 MB,2:17:45
MAWF,Success,上午 06:41:28,上午 08:05:38,400 GB,252.2 GB,168.4 MB,1:24:09
MAWF,Success,下午 12:18:09,下午 01:51:42,400 GB,252.2 GB,166.9 MB,1:33:32
MAWF,Success,下午 04:18:05,下午 06:31:29,400 GB,252.3 GB,259.4 MB,2:13:24
MAWF,Success,下午 08:18:04,下午 09:47:42,400 GB,252.3 GB,188.4 MB,1:29:38
MAWF,Success,下午 02:17:47,下午 04:30:31,400 GB,252.3 GB,347.4 MB,2:12:43
MAWF,Success,下午 06:18:04,下午 08:29:45,400 GB,252.3 GB,363.4 MB,2:11:41
MAWF,Success,下午 03:33:20,下午 04:45:37,400 GB,252.4 GB,1.5 GB,1:12:17
MAWF,Success,下午 08:36:58,下午 10:07:09,400 GB,252.4 GB,325.4 MB,1:30:11
SECOM,Success,上午 06:27:51,上午 08:54:05,931.5 GB,471.5 GB,204 MB,2:26:14
MAWF,Success,上午 09:18:05,上午 10:45:47,400 GB,252.4 GB,242.4 MB,1:27:41
SECOM,Success,下午 12:27:55,下午 02:43:25,931.5 GB,471.5 GB,222.5 MB,2:15:30
MAWF,Success,下午 01:17:56,下午 02:52:11,400 GB,252.4 GB,264.4 MB,1:34:15
SECOM,Success,上午 11:28:05,下午 01:38:27,931.5 GB,470.8 GB,310.5 MB,2:10:22
MAWF,Success,下午 12:18:13,下午 01:40:19,400 GB,252.5 GB,449.4 MB,1:22:06
MAWF,Success,下午 07:43:36,下午 10:04:22,400 GB,252.1 GB,1.6 GB,2:20:45
MAWF,Success,上午 09:18:09,上午 10:31:42,400 GB,252.1 GB,1012.4 MB,1:13:32
SECOM,Success,上午 09:27:43,上午 11:56:52,931.5 GB,470.1 GB,452.9 MB,2:29:09
MAWF,Success,下午 12:18:00,下午 02:13:30,400 GB,252.1 GB,1.1 GB,1:55:29
SECOM,Success,下午 02:27:45,下午 04:22:13,931.5 GB,470.2 GB,409.4 MB,1:54:28
MAWF,Success,下午 08:18:19,下午 09:29:29,400 GB,252.1 GB,191.9 MB,1:11:09
SECOM,Success,下午 08:28:06,下午 10:50:51,931.5 GB,470.2 GB,329.4 MB,2:22:44
MAWF,Success,上午 10:17:49,上午 11:14:27,400 GB,252.2 GB,454.9 MB,0:56:37
MAWF,Success,下午 02:17:43,下午 03:40:31,400 GB,252.2 GB,941.4 MB,1:22:48
MAWF,Success,下午 09:19:27,下午 11:25:37,400 GB,252.2 GB,403.4 MB,2:06:09
MAWF,Success,上午 11:18:03,下午 12:13:59,400 GB,252.2 GB,163.9 MB,0:55:55
SECOM,Success,下午 02:28:12,下午 04:28:25,931.5 GB,470.4 GB,334.4 MB,2:00:12
MAWF,Success,下午 03:17:59,下午 04:39:20,400 GB,252.2 GB,254.4 MB,1:21:21
MAWF,Success,上午 09:59:23,上午 11:22:03,400 GB,252.2 GB,174.4 MB,1:22:40
MAWF,Success,下午 10:17:52,上午 12:12:45,400 GB,252.3 GB,280.9 MB,1:54:52
MAWF,Success,下午 12:18:12,下午 01:22:49,400 GB,252.3 GB,440.9 MB,1:04:37
MAWF,Success,下午 03:17:50,下午 04:34:17,400 GB,252.4 GB,571.9 MB,1:16:27
SECOM,Success,下午 03:27:58,下午 06:05:47,931.5 GB,470.5 GB,684.9 MB,2:37:49
MAWF,Success,下午 10:17:43,下午 11:08:03,400 GB,252.4 GB,195.9 MB,0:50:20
MAWF,Success,上午 09:18:08,上午 10:45:20,400 GB,252.4 GB,429.4 MB,1:27:11
MAWF,Success,下午 08:18:06,下午 10:32:21,400 GB,252.4 GB,229.4 MB,2:14:14
MAWF,Success,上午 08:17:52,上午 09:30:14,400 GB,252.5 GB,279.9 MB,1:12:21
SECOM,Success,上午 08:28:05,上午 10:52:12,931.5 GB,472 GB,647.5 MB,2:24:06
MAWF,Success,上午 11:17:58,下午 12:44:53,400 GB,252.5 GB,376.9 MB,1:26:54
MAWF,Success,下午 02:18:04,下午 04:42:45,400 GB,252.5 GB,716.9 MB,2:24:41
MAWF,Success,下午 10:17:40,下午 11:05:12,400 GB,252.6 GB,326.9 MB,0:47:32
MAWF,Success,上午 09:17:56,上午 10:38:41,400 GB,252.6 GB,378.4 MB,1:20:45
MAWF,Success,下午 01:17:56,下午 03:04:27,400 GB,252.6 GB,173.9 MB,1:46:30
MAWF,Success,下午 09:18:14,下午 10:26:34,400 GB,252.7 GB,183.4 MB,1:08:19
SECOM,Success,下午 09:27:46,下午 11:58:25,931.5 GB,470.9 GB,679 MB,2:30:39
SECOM,Success,上午 02:43:46,上午 05:15:23,931.5 GB,473.3 GB,399.1 MB,2:31:36
MAWF,Success,上午 11:18:08,下午 12:44:22,400 GB,253 GB,427.9 MB,1:26:14
MAWF,Success,下午 02:18:14,下午 03:53:57,400 GB,253.4 GB,864.5 MB,1:35:42
SECOM,Success,下午 02:28:01,下午 04:31:45,931.5 GB,472.2 GB,697.6 MB,2:03:43
MAWF,Success,下午 05:18:04,下午 06:54:23,400 GB,253.4 GB,1.1 GB,1:36:18
SECOM,Success,上午 06:27:53,上午 09:21:15,931.5 GB,474 GB,297.2 MB,2:53:22
MAWF,Success,下午 12:18:05,下午 01:27:49,400 GB,253.5 GB,567 MB,1:09:43
SECOM,Success,下午 01:28:06,下午 03:45:23,931.5 GB,474.1 GB,471.2 MB,2:17:17
MAWF,Success,下午 04:17:57,下午 05:44:50,400 GB,253.5 GB,574 MB,1:26:53
MAWF,Success,下午 10:17:47,下午 11:49:27,400 GB,253.5 GB,345 MB,1:31:40
MAWF,Success,下午 12:17:55,下午 02:41:25,400 GB,253.5 GB,387.5 MB,2:23:30
MAWF,Success,下午 05:38:23,下午 07:33:17,400 GB,253.5 GB,570.5 MB,1:54:53
MAWF,Success,上午 11:17:52,下午 12:42:27,400 GB,253.5 GB,150.5 MB,1:24:35
SECOM,Success,下午 01:27:54,下午 03:43:14,931.5 GB,474.9 GB,629.2 MB,2:15:19
MAWF,Success,下午 03:18:00,下午 05:03:29,400 GB,253.5 GB,207 MB,1:45:28
MAWF,Success,下午 11:18:04,上午 01:28:01,400 GB,253.6 GB,174 MB,2:09:56
MAWF,Success,下午 12:17:55,下午 01:41:53,400 GB,253.6 GB,166.5 MB,1:23:57
MAWF,Success,下午 03:18:12,下午 05:46:07,400 GB,253.6 GB,204.5 MB,2:27:54
MAWF,Success,下午 07:18:04,下午 08:45:45,400 GB,253.6 GB,247 MB,1:27:41
MAWF,Success,下午 10:18:15,下午 11:30:07,400 GB,253.6 GB,335 MB,1:11:52
SECOM,Success,下午 10:27:48,上午 01:45:39,931.5 GB,472.9 GB,1005.1 MB,3:17:51
SECOM,Success,下午 10:27:48,上午 01:45:39,931.5 GB,472.9 GB,1005.1 MB,3:17:51
SECOM,Success,上午 08:27:58,上午 11:16:01,931.5 GB,473.4 GB,1.1 GB,2:48:03
MAWF,Success,上午 11:17:56,下午 12:43:32,400 GB,253.6 GB,581 MB,1:25:35
MAWF,Success,下午 02:18:03,下午 03:40:06,400 GB,253.6 GB,284 MB,1:22:03
SECOM,Success,下午 02:28:06,下午 04:52:13,931.5 GB,473.5 GB,365.1 MB,2:24:06
MAWF,Success,下午 05:17:50,下午 06:43:58,400 GB,253.6 GB,1 GB,1:26:07
MAWF,Success,下午 08:18:10,下午 09:52:02,400 GB,253.6 GB,826.5 MB,1:33:51
SECOM,Success,下午 08:27:44,下午 10:32:40,931.5 GB,473.6 GB,299.6 MB,2:04:56
MAWF,Success,下午 03:18:11,下午 04:44:29,400 GB,253.7 GB,496 MB,1:26:18
MAWF,Success,下午 06:17:51,下午 08:52:01,400 GB,253.7 GB,720 MB,2:34:10
MAWF,Success,下午 11:18:05,上午 12:49:18,400 GB,253.7 GB,168 MB,1:31:12
MAWF,Success,上午 08:18:07,上午 09:44:05,400 GB,253.7 GB,342 MB,1:25:58
MAWF,Success,上午 11:17:47,下午 01:22:02,400 GB,253.7 GB,480.5 MB,2:04:14
MAWF,Success,下午 03:18:13,下午 05:23:02,400 GB,253.7 GB,430 MB,2:04:48
MAWF,Success,下午 08:33:44,下午 10:00:29,400 GB,253.7 GB,139 MB,1:26:45
SECOM,Success,下午 11:28:07,上午 01:49:10,931.5 GB,473.7 GB,1.1 GB,2:21:03
MAWF,Success,上午 12:35:31,上午 04:22:55,400 GB,273.7 GB,21.3 GB,3:47:23
MAWF,Success,上午 10:17:58,上午 11:39:20,400 GB,253.7 GB,423 MB,1:21:22
MAWF,Success,下午 02:18:07,下午 03:46:32,400 GB,253.7 GB,351 MB,1:28:24
MAWF,Success,下午 06:26:43,下午 07:27:47,400 GB,253.7 GB,1.3 GB,1:01:03
MAWF,Success,下午 10:18:06,下午 11:27:28,400 GB,253.7 GB,338 MB,1:09:21
SECOM,Success,下午 11:28:17,上午 01:53:25,931.5 GB,475.1 GB,1.2 GB,2:25:07
SECOM,Success,下午 10:28:11,上午 12:46:50,931.5 GB,473.9 GB,1.1 GB,2:18:38
MAWF,Success,下午 11:17:57,上午 01:08:56,400 GB,253.8 GB,214.5 MB,1:50:58
SECOM,Success,上午 03:27:59,上午 05:04:21,931.5 GB,474 GB,359.2 MB,1:36:21
MAWF,Success,上午 09:17:36,上午 10:38:23,400 GB,253.8 GB,219.5 MB,1:20:46
MAWF,Success,下午 01:17:54,下午 02:26:52,400 GB,253.8 GB,139 MB,1:08:58
SECOM,Success,下午 01:28:03,下午 03:44:42,931.5 GB,474 GB,404.7 MB,2:16:39
MAWF,Success,下午 04:18:08,下午 05:43:30,400 GB,253.8 GB,268.5 MB,1:25:21
MAWF,Success,下午 07:17:59,下午 08:27:29,400 GB,253.8 GB,222 MB,1:09:29
SECOM,Success,下午 07:28:02,下午 09:53:49,931.5 GB,474 GB,247.7 MB,2:25:46
SECOM,Success,上午 05:27:49,上午 08:16:40,931.5 GB,474.1 GB,275.7 MB,2:48:51
MAWF,Success,上午 10:58:36,下午 01:22:32,400 GB,253.6 GB,748.5 MB,2:23:56
SECOM,Success,上午 10:58:36,下午 04:02:36,931.5 GB,459.5 GB,3.7 GB,5:04:00
MAWF,Success,下午 09:32:04,上午 12:52:28,400 GB,253.7 GB,210.5 MB,3:20:24
MAWF,Success,下午 02:21:00,下午 03:57:26,400 GB,253.8 GB,1.6 GB,1:36:26
MAWF,Success,下午 05:17:52,下午 06:30:09,400 GB,253.8 GB,1.2 GB,1:12:16
SECOM,Success,下午 05:28:06,下午 07:50:47,931.5 GB,475.4 GB,336.2 MB,2:22:41
MAWF,Success,下午 08:18:01,下午 09:47:12,400 GB,253.8 GB,199.5 MB,1:29:11
MAWF,Success,上午 12:34:59,上午 04:11:29,400 GB,273.9 GB,21.3 GB,3:36:29
MAWF,Success,上午 10:18:12,上午 11:33:24,400 GB,253.9 GB,383.5 MB,1:15:12
SECOM,Success,上午 11:28:10,下午 01:44:09,931.5 GB,475.5 GB,1 GB,2:15:59
MAWF,Success,下午 02:17:59,下午 03:54:31,400 GB,253.9 GB,1.3 GB,1:36:32
SECOM,Success,下午 05:27:42,下午 07:41:35,931.5 GB,475.5 GB,252.7 MB,2:13:53
MAWF,Success,下午 06:29:59,下午 07:53:30,400 GB,253.9 GB,695.5 MB,1:23:30
MAWF,Success,下午 10:18:09,上午 12:48:37,400 GB,253.9 GB,164.5 MB,2:30:28
SECOM,Success,上午 05:27:57,上午 07:31:27,931.5 GB,477.4 GB,250.4 MB,2:03:30
MAWF,Success,上午 10:17:51,下午 12:32:13,400 GB,253.9 GB,287.5 MB,2:14:21
MAWF,Success,下午 05:33:56,下午 06:58:46,400 GB,253.9 GB,840.5 MB,1:24:49
SECOM,Success,下午 08:28:08,下午 10:39:53,931.5 GB,477.6 GB,173.9 MB,2:11:44
MAWF,Success,上午 09:18:05,上午 10:07:19,400 GB,254 GB,260.5 MB,0:49:13
MAWF,Success,下午 03:17:44,下午 04:45:39,400 GB,254 GB,1.1 GB,1:27:55
SECOM,Success,下午 06:27:44,下午 08:46:30,931.5 GB,477.7 GB,189.9 MB,2:18:46
MAWF,Success,上午 07:17:44,上午 08:30:37,400 GB,254.3 GB,166.5 MB,1:12:52
SECOM,Success,上午 07:27:58,上午 10:03:52,931.5 GB,478.4 GB,239.4 MB,2:35:54
SECOM,Success,下午 12:28:02,下午 03:11:39,931.5 GB,478.4 GB,785.4 MB,2:43:36
MAWF,Success,下午 02:19:08,下午 03:49:50,400 GB,254.3 GB,2.1 GB,1:30:41
MAWF,Success,下午 10:18:05,上午 12:03:27,400 GB,254.3 GB,166.5 MB,1:45:22
MAWF,Success,下午 12:18:01,下午 01:45:53,400 GB,254.4 GB,175.5 MB,1:27:51
SECOM,Success,下午 03:27:47,下午 05:40:11,931.5 GB,480.5 GB,455.6 MB,2:12:23
MAWF,Success,下午 08:17:57,下午 09:52:04,400 GB,254.4 GB,170.5 MB,1:34:06
MAWF,Success,下午 11:18:03,上午 01:05:04,400 GB,254.4 GB,173.5 MB,1:47:01
SECOM,Success,下午 11:28:18,上午 02:52:46,931.5 GB,480.6 GB,1001.1 MB,3:24:28
MAWF,Success,下午 01:18:05,下午 02:56:17,400 GB,254.4 GB,1.1 GB,1:38:11
MAWF,Success,下午 04:17:58,下午 06:33:31,400 GB,254.6 GB,336.5 MB,2:15:33
MAWF,Success,下午 09:17:55,下午 10:30:03,400 GB,254.6 GB,299.5 MB,1:12:08
SECOM,Success,下午 10:28:02,上午 01:19:09,931.5 GB,483.2 GB,525.7 MB,2:51:07
MAWF,Success,上午 12:35:10,上午 04:21:36,400 GB,274.8 GB,21.6 GB,3:46:25
SECOM,Success,上午 04:28:04,上午 06:42:35,931.5 GB,481.7 GB,373.6 MB,2:14:31
MAWF,Success,下午 12:18:15,下午 01:02:02,400 GB,254.6 GB,298 MB,0:43:46
MAWF,Success,下午 01:19:24,下午 01:33:14,400 GB,287 MB,274.8 MB,0:13:49
MAWF,Success,下午 02:18:11,下午 03:33:06,400 GB,254.6 GB,372 MB,1:14:54
SECOM,Success,下午 03:28:06,下午 06:19:44,931.5 GB,481.8 GB,331.1 MB,2:51:37
MAWF,Success,下午 07:18:04,下午 08:44:41,400 GB,254.1 GB,795.5 MB,1:26:36
MAWF,Success,下午 10:17:53,下午 11:31:14,400 GB,254.1 GB,172 MB,1:13:21
SECOM,Success,下午 10:28:00,上午 01:11:43,931.5 GB,481.8 GB,437.2 MB,2:43:42
MAWF,Success,上午 09:18:00,上午 10:16:46,400 GB,254.1 GB,342.5 MB,0:58:45
MAWF,Success,下午 06:18:02,下午 08:38:12,400 GB,254.2 GB,2.2 GB,2:20:10
SECOM,Success,上午 10:28:06,下午 12:50:06,931.5 GB,483.2 GB,712.7 MB,2:21:59
MAWF,Success,上午 11:30:27,下午 12:53:57,400 GB,254.2 GB,1.1 GB,1:23:30
MAWF,Success,下午 03:17:46,下午 05:36:55,400 GB,254.3 GB,569.5 MB,2:19:08
SECOM,Success,上午 05:27:53,上午 08:14:12,931.5 GB,481.4 GB,248.6 MB,2:46:18
MAWF,Success,上午 08:17:47,上午 09:45:48,400 GB,254.4 GB,250.5 MB,1:28:00
SECOM,Success,上午 11:27:49,下午 01:48:32,931.5 GB,481.5 GB,1.3 GB,2:20:43
MAWF,Success,下午 04:17:52,下午 06:32:57,400 GB,254.4 GB,433.5 MB,2:15:05
MAWF,Success,上午 07:18:11,上午 08:44:51,400 GB,254.5 GB,235.5 MB,1:26:40
MAWF,Success,上午 10:18:03,上午 11:12:38,400 GB,254.5 GB,164 MB,0:54:35
SECOM,Success,上午 10:28:07,下午 12:46:26,931.5 GB,481.6 GB,346.6 MB,2:18:19
MAWF,Success,下午 04:17:46,下午 05:35:49,400 GB,254.5 GB,186.5 MB,1:18:03
SECOM,Success,上午 06:27:54,上午 08:44:06,931.5 GB,481.7 GB,706.6 MB,2:16:11
MAWF,Success,上午 09:18:12,上午 10:44:48,400 GB,254.5 GB,151 MB,1:26:36
SECOM,Success,下午 03:28:10,下午 05:43:57,931.5 GB,481.7 GB,269.6 MB,2:15:47
MAWF,Success,下午 03:17:54,下午 04:13:22,400 GB,254.5 GB,422.5 MB,0:55:27
SECOM,Success,下午 06:28:00,下午 08:04:37,931.5 GB,481.9 GB,863.2 MB,1:36:37
MAWF,Success,下午 06:17:57,下午 08:32:03,400 GB,254.5 GB,919.5 MB,2:14:06
MAWF,Success,下午 10:18:06,下午 11:13:37,400 GB,254.5 GB,189.5 MB,0:55:31
SECOM,Success,下午 11:27:47,上午 01:59:56,931.5 GB,481.8 GB,908.2 MB,2:32:08
MAWF,Success,下午 03:18:06,下午 05:37:39,400 GB,254.6 GB,402 MB,2:19:33
SECOM,Success,上午 06:27:55,上午 08:48:43,931.5 GB,482.9 GB,901.2 MB,2:20:48
MAWF,Success,上午 09:18:06,上午 10:45:44,400 GB,254.6 GB,236.5 MB,1:27:38
MAWF,Success,下午 12:17:57,下午 01:35:40,400 GB,254.6 GB,602.5 MB,1:17:42
SECOM,Success,下午 12:28:08,下午 03:00:23,931.5 GB,482.9 GB,850.2 MB,2:32:14
MAWF,Success,下午 03:18:36,下午 07:16:29,400 GB,254.7 GB,541.5 MB,3:57:52
SECOM,Success,下午 11:27:52,上午 01:59:39,931.5 GB,483 GB,869.2 MB,2:31:46
MAWF,Success,上午 09:18:00,上午 10:30:11,400 GB,254.6 GB,378.5 MB,1:12:11
SECOM,Success,上午 09:28:03,上午 11:56:21,931.5 GB,482.2 GB,394.7 MB,2:28:17
MAWF,Success,下午 01:18:11,下午 02:40:51,400 GB,254.6 GB,401.5 MB,1:22:39
SECOM,Success,下午 07:28:09,下午 08:54:28,931.5 GB,482.2 GB,564.7 MB,1:26:19
SECOM,Success,上午 09:28:04,上午 11:41:39,931.5 GB,482.3 GB,454.7 MB,2:13:35
MAWF,Success,上午 10:17:54,上午 11:43:15,400 GB,254.8 GB,470.6 MB,1:25:21
MAWF,Success,下午 02:18:04,下午 03:53:52,400 GB,254.8 GB,489.6 MB,1:35:47
SECOM,Success,上午 07:28:00,上午 09:53:25,931.5 GB,482.4 GB,471.2 MB,2:25:24
MAWF,Success,下午 12:17:50,下午 01:26:55,400 GB,254.8 GB,387.6 MB,1:09:05
MAWF,Success,下午 04:18:03,下午 05:44:26,400 GB,254.8 GB,172 MB,1:26:22
MAWF,Success,下午 11:18:16,上午 12:43:35,400 GB,254.8 GB,172 MB,1:25:18
SECOM,Success,下午 11:28:03,上午 02:28:12,931.5 GB,486.2 GB,1.2 GB,3:00:08
SECOM,Success,上午 05:27:41,上午 07:40:27,931.5 GB,486.3 GB,872.9 MB,2:12:45
MAWF,Success,上午 08:18:05,上午 09:43:53,400 GB,254.8 GB,164 MB,1:25:48
MAWF,Success,下午 12:25:59,下午 02:35:20,400 GB,254.8 GB,214.5 MB,2:09:20
MAWF,Success,下午 04:18:49,下午 05:21:04,400 GB,254.8 GB,81 MB,1:02:15
SECOM,Success,下午 10:28:06,上午 01:31:54,931.5 GB,486.3 GB,360.9 MB,3:03:48
MAWF,Success,上午 12:34:44,上午 04:20:24,400 GB,275 GB,20.8 GB,3:45:40
MAWF,Success,上午 10:17:56,下午 12:32:58,400 GB,254.8 GB,668.1 MB,2:15:01
MAWF,Success,下午 03:18:06,下午 04:41:27,400 GB,254.9 GB,491.1 MB,1:23:21
MAWF,Success,下午 07:17:45,下午 08:45:38,400 GB,254.9 GB,1 GB,1:27:53
MAWF,Success,下午 11:17:41,上午 12:58:25,400 GB,254.9 GB,183.1 MB,1:40:44
SECOM,Success,下午 10:27:52,上午 01:00:47,931.5 GB,486.5 GB,991.5 MB,2:32:54
MAWF,Success,上午 09:18:06,上午 10:34:34,400 GB,254.9 GB,440.1 MB,1:16:27
SECOM,Success,上午 10:28:11,下午 01:00:15,931.5 GB,486.7 GB,1.4 GB,2:32:03
MAWF,Success,下午 01:17:45,下午 02:56:24,400 GB,255 GB,480.1 MB,1:38:39
MAWF,Success,下午 04:18:11,下午 05:32:38,400 GB,255 GB,356.1 MB,1:14:27
SECOM,Success,下午 04:27:58,下午 06:59:10,931.5 GB,486.8 GB,1.3 GB,2:31:12
MAWF,Success,上午 09:17:59,上午 10:45:39,400 GB,255 GB,589.1 MB,1:27:39
SECOM,Success,下午 12:27:59,下午 02:50:09,931.5 GB,489.8 GB,866.2 MB,2:22:09
MAWF,Success,下午 11:17:39,上午 12:29:33,400 GB,255.1 GB,288.1 MB,1:11:53
SECOM,Success,上午 02:28:01,上午 05:06:33,931.5 GB,489.4 GB,501.6 MB,2:38:32
MAWF,Success,上午 09:17:44,上午 10:05:56,400 GB,255.2 GB,396.6 MB,0:48:12
MAWF,Success,下午 01:18:05,下午 02:47:46,400 GB,255.2 GB,325.1 MB,1:29:41
MAWF,Success,下午 08:42:22,下午 09:59:34,400 GB,255.2 GB,1.2 GB,1:17:12
MAWF,Success,上午 12:41:24,上午 04:36:01,400 GB,275.4 GB,21.2 GB,3:54:37
SECOM,Success,上午 05:27:57,上午 07:28:12,931.5 GB,487.7 GB,720 MB,2:00:14
SECOM,Success,下午 06:27:50,下午 08:41:43,931.5 GB,487.9 GB,490 MB,2:13:52
MAWF,Success,下午 11:18:13,上午 02:23:24,400 GB,255.3 GB,196.6 MB,3:05:11
MAWF,Success,上午 10:18:07,上午 11:44:09,400 GB,255.3 GB,203.6 MB,1:26:01
MAWF,Success,下午 01:17:49,下午 02:15:00,400 GB,255.3 GB,162.6 MB,0:57:11
MAWF,Success,上午 10:17:55,上午 11:43:09,400 GB,255.3 GB,179.6 MB,1:25:13
SECOM,Success,下午 01:27:53,下午 03:32:24,931.5 GB,490.3 GB,577.2 MB,2:04:30
MAWF,Success,下午 02:18:10,下午 03:37:05,400 GB,255.3 GB,160.6 MB,1:18:55
MAWF,Success,上午 09:17:52,上午 10:28:05,400 GB,255.3 GB,376.6 MB,1:10:12
SECOM,Success,上午 09:28:00,下午 12:01:11,931.5 GB,487.9 GB,235 MB,2:33:11
MAWF,Success,下午 01:18:04,下午 02:36:50,400 GB,255.3 GB,254.1 MB,1:18:46
SECOM,Success,下午 02:28:03,下午 04:44:49,931.5 GB,487.9 GB,959.5 MB,2:16:45
MAWF,Success,下午 05:18:06,下午 06:45:42,400 GB,255.3 GB,981.1 MB,1:27:35
MAWF,Success,下午 08:17:56,下午 09:30:40,400 GB,255.3 GB,205.1 MB,1:12:44
SECOM,Success,下午 08:28:00,下午 10:54:17,931.5 GB,487.9 GB,244.5 MB,2:26:17
MAWF,Success,下午 11:17:54,上午 01:14:50,400 GB,255.3 GB,174.1 MB,1:56:56
MAWF,Success,上午 09:17:41,上午 10:42:56,400 GB,255.4 GB,323.1 MB,1:25:14
SECOM,Success,上午 08:28:20,上午 10:52:04,931.5 GB,490.4 GB,434.7 MB,2:23:44
MAWF,Success,下午 01:17:55,下午 03:12:22,400 GB,255.4 GB,388.1 MB,1:54:27
MAWF,Success,下午 01:17:55,下午 03:12:22,400 GB,255.4 GB,388.1 MB,1:54:27
SECOM,Success,下午 01:28:11,下午 05:32:40,931.5 GB,490.5 GB,1.2 GB,4:04:29
MAWF,Success,下午 11:18:12,上午 01:47:43,400 GB,255.4 GB,213.1 MB,2:29:31
MAWF,Success,上午 08:17:57,上午 09:35:44,400 GB,255.4 GB,300.1 MB,1:17:47
MAWF,Success,下午 04:18:04,下午 06:55:08,400 GB,255.5 GB,607.1 MB,2:37:03
SECOM,Success,下午 08:27:52,下午 10:38:21,931.5 GB,488.3 GB,249.6 MB,2:10:29
MAWF,Success,上午 10:37:05,上午 11:52:11,400 GB,255.5 GB,436.6 MB,1:15:06
MAWF,Success,下午 01:17:58,下午 03:32:01,400 GB,255.5 GB,244.1 MB,2:14:02
MAWF,Success,上午 09:18:09,上午 10:38:58,400 GB,256 GB,366.6 MB,1:20:48
MAWF,Success,下午 08:18:11,下午 10:31:04,400 GB,256.1 GB,242.1 MB,2:12:52
MAWF,Success,上午 02:30:01,上午 06:07:32,400 GB,256.1 GB,5.6 GB,3:37:31
MAWF,Success,上午 07:18:12,上午 08:32:31,400 GB,256.1 GB,191.1 MB,1:14:19
SECOM,Success,上午 07:28:35,上午 10:09:55,931.5 GB,491.1 GB,343.7 MB,2:41:20
MAWF,Success,上午 11:18:14,下午 12:32:27,400 GB,256.1 GB,351.6 MB,1:14:13
SECOM,Success,下午 12:28:16,下午 02:49:12,931.5 GB,491.2 GB,1.1 GB,2:20:56
MAWF,Success,下午 07:17:42,下午 08:13:48,400 GB,256.1 GB,359.1 MB,0:56:05
MAWF,Success,下午 11:17:42,上午 12:43:07,400 GB,256.1 GB,199.6 MB,1:25:24
SECOM,Success,下午 10:27:56,上午 01:09:22,931.5 GB,491.2 GB,975.7 MB,2:41:25
MAWF,Success,上午 08:18:11,上午 10:53:32,400 GB,256.1 GB,173.6 MB,2:35:20
MAWF,Success,下午 12:17:50,下午 01:18:17,400 GB,256.1 GB,357.6 MB,1:00:26
SECOM,Success,下午 03:27:49,下午 05:39:18,931.5 GB,490.7 GB,1 GB,2:11:28
MAWF,Success,下午 04:17:47,下午 05:41:10,400 GB,256.1 GB,171.6 MB,1:23:23
MAWF,Success,上午 12:35:10,上午 04:31:46,400 GB,276.5 GB,21 GB,3:56:36
MAWF,Success,上午 05:17:40,上午 07:50:27,400 GB,256.1 GB,1013.2 MB,2:32:47
MAWF,Success,上午 11:18:05,下午 12:47:55,400 GB,256.1 GB,635.6 MB,1:29:50
MAWF,Success,下午 02:17:52,下午 04:38:29,400 GB,256.2 GB,447.1 MB,2:20:37
MAWF,Success,下午 07:18:13,下午 08:31:41,400 GB,256.2 GB,1.6 GB,1:13:27
SECOM,Success,下午 07:27:47,下午 10:00:13,931.5 GB,489.8 GB,314.7 MB,2:32:26
MAWF,Success,下午 11:18:04,上午 12:52:12,400 GB,256.2 GB,188.6 MB,1:34:08
MAWF,Success,上午 09:18:13,上午 10:45:46,400 GB,256.2 GB,1.3 GB,1:27:32
MAWF,Success,下午 01:19:35,下午 03:47:26,400 GB,255.7 GB,417.1 MB,2:27:51
MAWF,Success,下午 06:19:40,下午 08:27:18,400 GB,255.7 GB,1.3 GB,2:07:37
MAWF,Success,下午 11:19:18,上午 01:24:27,400 GB,255.7 GB,197.6 MB,2:05:09
MAWF,Success,下午 01:19:26,下午 02:34:35,400 GB,255.9 GB,1 GB,1:15:09
SECOM,Success,下午 02:29:04,下午 05:20:28,931.5 GB,490.2 GB,805.2 MB,2:51:24
MAWF,Success,下午 08:19:26,下午 09:37:39,400 GB,255.9 GB,1 GB,1:18:12
MAWF,Success,上午 12:36:23,上午 03:44:51,400 GB,276.3 GB,21.6 GB,3:08:27
SECOM,Success,上午 03:29:01,上午 05:46:49,931.5 GB,489.5 GB,390.1 MB,2:17:47
SECOM,Success,上午 08:28:56,上午 10:11:17,931.5 GB,489.6 GB,723.1 MB,1:42:21
MAWF,Success,上午 09:19:01,上午 11:00:09,400 GB,256 GB,372.1 MB,1:41:07
MAWF,Success,下午 01:19:22,下午 02:40:49,400 GB,256 GB,548.1 MB,1:21:26
SECOM,Success,下午 01:28:45,下午 04:13:02,931.5 GB,489.6 GB,867.7 MB,2:44:16
MAWF,Success,下午 05:19:21,下午 06:32:06,400 GB,256 GB,1.3 GB,1:12:45
SECOM,Success,下午 06:29:36,下午 08:53:39,931.5 GB,489.7 GB,335.6 MB,2:24:03
SECOM,Success,上午 06:29:24,上午 09:26:01,931.5 GB,492.3 GB,307.8 MB,2:56:37
MAWF,Success,下午 12:19:16,下午 01:37:31,400 GB,256.1 GB,637.1 MB,1:18:14
SECOM,Success,下午 01:29:06,下午 04:03:29,931.5 GB,492.5 GB,955.8 MB,2:34:23
MAWF,Success,下午 04:19:22,下午 05:53:04,400 GB,256.2 GB,678.1 MB,1:33:41
MAWF,Success,下午 07:19:09,下午 08:32:13,400 GB,256.1 GB,675.6 MB,1:13:04
SECOM,Success,下午 07:29:12,下午 10:47:59,931.5 GB,492.5 GB,328.3 MB,3:18:46
MAWF,Success,上午 10:20:50,下午 12:23:06,400 GB,256.2 GB,85.6 MB,2:02:15
MAWF,Success,下午 03:19:20,下午 06:05:50,400 GB,256.2 GB,382.1 MB,2:46:29
MAWF,Success,上午 12:25:54,上午 04:54:25,400 GB,276.5 GB,21 GB,4:28:31
SECOM,Success,上午 04:29:30,上午 06:40:25,931.5 GB,490 GB,419.2 MB,2:10:54
MAWF,Success,上午 10:19:22,上午 11:31:35,400 GB,256.1 GB,390.1 MB,1:12:13
SECOM,Success,上午 10:29:08,下午 01:31:26,931.5 GB,490 GB,1.2 GB,3:02:17
MAWF,Success,下午 01:19:10,下午 02:12:42,400 GB,256.1 GB,192.6 MB,0:53:32
SECOM,Success,下午 04:29:01,下午 06:38:34,931.5 GB,490 GB,389.2 MB,2:09:33
MAWF,Success,下午 05:19:36,下午 06:44:59,400 GB,256.1 GB,1.1 GB,1:25:23
MAWF,Success,下午 09:19:19,下午 11:39:38,400 GB,256.1 GB,185.6 MB,2:20:18
SECOM,Success,上午 01:30:23,上午 05:09:06,931.5 GB,490.1 GB,4.1 GB,3:38:43
MAWF,Success,下午 01:19:14,下午 03:48:49,400 GB,256.2 GB,507.6 MB,2:29:34
MAWF,Success,下午 05:18:42,下午 06:12:32,400 GB,256.2 GB,1.3 GB,0:53:49
SECOM,Success,上午 01:29:40,上午 04:07:22,931.5 GB,490.2 GB,604.7 MB,2:37:41
MAWF,Success,下午 12:19:08,下午 01:32:43,400 GB,256.3 GB,765.2 MB,1:13:35
SECOM,Success,下午 12:28:51,下午 03:03:57,931.5 GB,490.2 GB,748.2 MB,2:35:06
MAWF,Success,下午 04:19:30,下午 05:36:31,400 GB,256.2 GB,464.6 MB,1:17:01
SECOM,Success,下午 05:29:07,下午 07:53:58,931.5 GB,490.2 GB,257.2 MB,2:24:50
MAWF,Success,下午 08:20:11,下午 09:50:03,400 GB,253 GB,230.5 MB,1:29:51
MAWF,Success,下午 01:19:20,下午 03:07:50,400 GB,256.4 GB,2.9 GB,1:48:29
MAWF,Success,下午 05:19:24,下午 06:38:17,400 GB,256.4 GB,1.5 GB,1:18:52
SECOM,Success,下午 05:29:12,下午 08:03:50,931.5 GB,490.5 GB,305.2 MB,2:34:38
MAWF,Success,下午 09:20:26,下午 10:32:55,400 GB,256.4 GB,194.7 MB,1:12:28
SECOM,Success,下午 10:29:16,上午 01:11:42,931.5 GB,490.5 GB,1.1 GB,2:42:25
SECOM,Success,上午 04:29:21,上午 05:59:25,931.5 GB,490.4 GB,355.7 MB,1:30:03
MAWF,Success,上午 08:19:34,上午 09:37:27,400 GB,256.4 GB,319.2 MB,1:17:52
SECOM,Success,上午 09:29:12,上午 11:49:39,931.5 GB,490.4 GB,599.2 MB,2:20:26
MAWF,Success,下午 12:19:06,下午 01:36:10,400 GB,256.5 GB,409.7 MB,1:17:03
MAWF,Success,下午 03:19:06,下午 04:33:01,400 GB,256.5 GB,531.7 MB,1:13:55
SECOM,Success,下午 03:29:09,下午 06:01:54,931.5 GB,490.4 GB,438.7 MB,2:32:44
MAWF,Success,下午 07:19:39,下午 08:39:31,400 GB,256.5 GB,767.7 MB,1:19:52
SECOM,Success,下午 08:29:16,下午 10:54:25,931.5 GB,490.4 GB,579.7 MB,2:25:08
MAWF,Success,下午 03:19:08,下午 05:36:17,400 GB,256.6 GB,713.2 MB,2:17:08
MAWF,Success,下午 08:19:32,下午 10:30:13,400 GB,256.6 GB,216.7 MB,2:10:40
SECOM,Success,上午 06:29:15,上午 08:29:43,931.5 GB,490.5 GB,845.7 MB,2:00:28
MAWF,Success,下午 05:19:16,下午 06:58:35,400 GB,256.6 GB,1.2 GB,1:39:19
MAWF,Success,上午 09:19:18,上午 11:08:46,400 GB,256.6 GB,168.7 MB,1:49:27
MAWF,Success,下午 01:21:08,下午 02:46:59,400 GB,256.6 GB,95.2 MB,1:25:51
MAWF,Success,下午 05:19:37,下午 07:37:44,400 GB,256.6 GB,1.1 GB,2:18:07
MAWF,Success,下午 10:19:27,下午 11:27:58,400 GB,256.6 GB,214.2 MB,1:08:31
SECOM,Success,下午 11:29:28,上午 02:13:16,931.5 GB,490.6 GB,932.7 MB,2:43:48
SECOM,Success,上午 04:29:16,上午 06:52:17,931.5 GB,491.5 GB,982.3 MB,2:23:00
SECOM,Success,下午 05:29:21,下午 07:45:53,931.5 GB,491.6 GB,881.8 MB,2:16:31
MAWF,Success,下午 06:19:06,下午 07:51:51,400 GB,256.6 GB,2.7 GB,1:32:44
SECOM,Success,上午 03:29:21,上午 06:42:34,931.5 GB,491 GB,4 GB,3:13:13
SECOM,Success,下午 03:29:46,下午 06:44:02,931.5 GB,491 GB,447.2 MB,3:14:16
MAWF,Success,下午 06:39:07,下午 07:57:41,400 GB,256.6 GB,681.7 MB,1:18:33
MAWF,Success,下午 10:19:14,上午 12:21:23,400 GB,256.6 GB,177.2 MB,2:02:09
MAWF,Success,上午 11:19:12,下午 01:25:12,400 GB,256.7 GB,1016.7 MB,2:06:00
MAWF,Success,下午 04:19:04,下午 06:37:46,400 GB,256.7 GB,502.2 MB,2:18:41
MAWF,Success,下午 03:19:11,下午 04:47:47,400 GB,256.7 GB,1 GB,1:28:36
MAWF,Success,下午 12:19:16,下午 01:46:47,400 GB,256.8 GB,1005.7 MB,1:27:31
MAWF,Success,下午 04:19:14,下午 06:07:21,400 GB,256.8 GB,526.7 MB,1:48:07
MAWF,Success,下午 08:19:08,下午 09:30:45,400 GB,256.8 GB,212.7 MB,1:11:37
SECOM,Success,下午 09:29:36,上午 01:37:11,931.5 GB,491.7 GB,232.3 MB,4:07:34
SECOM,Success,上午 04:29:28,上午 07:50:30,931.5 GB,491.6 GB,1.1 GB,3:21:01
MAWF,Success,下午 02:19:06,下午 03:46:18,400 GB,256.9 GB,449.2 MB,1:27:11
MAWF,Success,下午 05:19:07,下午 06:38:46,400 GB,256.9 GB,1.2 GB,1:19:39
SECOM,Success,下午 05:29:12,下午 08:07:33,931.5 GB,491.3 GB,838.3 MB,2:38:20
SECOM,Success,下午 10:29:33,上午 01:45:58,931.5 GB,491.3 GB,1.1 GB,3:16:25
SECOM,Success,上午 04:29:12,上午 06:36:32,931.5 GB,491.4 GB,840.8 MB,2:07:19
MAWF,Success,下午 01:19:15,下午 02:48:09,400 GB,256.9 GB,176.2 MB,1:28:54
MAWF,Success,下午 04:19:18,下午 05:47:58,400 GB,256.9 GB,184.2 MB,1:28:40
SECOM,Success,下午 04:29:21,下午 07:01:33,931.5 GB,491.4 GB,678.3 MB,2:32:11
MAWF,Success,下午 08:19:16,下午 09:39:28,400 GB,256.9 GB,214.2 MB,1:20:12
MAWF,Success,上午 12:36:53,上午 04:46:00,400 GB,277.3 GB,21.1 GB,4:09:07
MAWF,Success,上午 08:19:00,上午 09:25:31,400 GB,256.9 GB,398.7 MB,1:06:30
MAWF,Success,下午 12:19:15,下午 01:47:35,400 GB,256.9 GB,469.2 MB,1:28:19
SECOM,Success,上午 11:29:28,下午 01:53:23,931.5 GB,492.8 GB,1.8 GB,2:23:55
MAWF,Success,下午 04:19:21,下午 06:39:09,400 GB,256.9 GB,426.2 MB,2:19:47
SECOM,Success,下午 10:29:51,上午 02:04:24,931.5 GB,492.9 GB,1.1 GB,3:34:32
SECOM,Success,上午 05:29:04,上午 07:37:57,931.5 GB,491.5 GB,444.8 MB,2:08:52
MAWF,Success,下午 01:21:33,下午 02:48:57,400 GB,257 GB,286.2 MB,1:27:23
MAWF,Success,下午 05:19:27,下午 07:40:58,400 GB,257 GB,1.4 GB,2:21:31
MAWF,Success,下午 10:19:07,下午 11:49:05,400 GB,257 GB,306.7 MB,1:29:58
SECOM,Success,下午 09:29:43,下午 11:58:25,931.5 GB,491.6 GB,543.8 MB,2:28:42
MAWF,Success,上午 09:19:03,上午 10:41:40,400 GB,257 GB,568.2 MB,1:22:36
MAWF,Success,下午 12:19:09,下午 01:48:45,400 GB,257 GB,607.7 MB,1:29:36
MAWF,Success,下午 03:21:10,下午 04:53:22,400 GB,257 GB,378.2 MB,1:32:11
MAWF,Success,下午 07:19:51,下午 08:29:29,400 GB,257 GB,503.2 MB,1:09:37
MAWF,Success,上午 11:19:30,下午 12:46:17,400 GB,257 GB,1.7 GB,1:26:47
MAWF,Success,下午 03:19:13,下午 05:37:12,400 GB,257 GB,494.7 MB,2:17:58
SECOM,Success,上午 07:29:06,上午 10:33:04,931.5 GB,493.5 GB,420.9 MB,3:03:58
MAWF,Success,下午 01:19:21,下午 02:34:02,400 GB,257.1 GB,500.7 MB,1:14:41
SECOM,Success,下午 02:28:03,下午 04:51:46,931.5 GB,493.6 GB,903.9 MB,2:23:43
MAWF,Success,下午 05:18:11,下午 06:56:06,400 GB,257.1 GB,1.2 GB,1:37:54
SECOM,Success,下午 08:27:46,下午 10:54:20,931.5 GB,493.6 GB,245.9 MB,2:26:33
MAWF,Success,上午 09:17:43,上午 10:46:00,400 GB,257.1 GB,156.2 MB,1:28:16
MAWF,Success,下午 01:36:49,下午 03:02:12,400 GB,257.1 GB,111.7 MB,1:25:23
MAWF,Success,下午 06:18:08,下午 07:41:46,400 GB,257.1 GB,372.7 MB,1:23:37
MAWF,Success,下午 09:17:50,下午 11:02:16,400 GB,257.1 GB,304.7 MB,1:44:26
MAWF,Success,上午 12:16:51,上午 02:53:42,400 GB,21.2 GB,21.1 GB,2:36:50
MAWF,Success,上午 07:18:34,上午 08:10:45,400 GB,257.1 GB,195.2 MB,0:52:10
MAWF,Success,上午 10:18:08,上午 11:50:19,400 GB,257.1 GB,213.2 MB,1:32:11
MAWF,Success,下午 04:18:00,下午 05:43:43,400 GB,257.1 GB,192.7 MB,1:25:42
MAWF,Success,下午 07:17:48,下午 08:27:50,400 GB,257.1 GB,459.2 MB,1:10:01
SECOM,Success,下午 07:27:52,下午 10:05:53,931.5 GB,495.3 GB,394 MB,2:38:01
MAWF,Success,下午 11:18:18,上午 01:01:43,400 GB,257.1 GB,199.7 MB,1:43:24
SECOM,Success,上午 07:28:06,上午 10:32:39,931.5 GB,495.3 GB,263 MB,3:04:32
MAWF,Success,上午 10:17:47,上午 11:16:22,400 GB,257.1 GB,506.7 MB,0:58:34
MAWF,Success,下午 02:18:04,下午 04:25:00,400 GB,257.2 GB,318.2 MB,2:06:55
MAWF,Success,下午 11:17:59,上午 12:58:40,400 GB,257.2 GB,194.7 MB,1:40:41
MAWF,Success,上午 10:17:43,上午 11:44:25,400 GB,257.5 GB,659.7 MB,1:26:42
MAWF,Success,下午 02:18:12,下午 04:38:32,400 GB,257.5 GB,446.2 MB,2:20:19
SECOM,Success,下午 06:28:04,下午 08:47:18,931.5 GB,493.3 GB,1 GB,2:19:14
MAWF,Success,下午 07:30:05,下午 08:56:58,400 GB,257.5 GB,1.3 GB,1:26:52
MAWF,Success,下午 11:18:11,上午 01:50:09,400 GB,257.5 GB,209.7 MB,2:31:57
SECOM,Success,上午 06:27:49,上午 09:55:59,931.5 GB,493.1 GB,334.4 MB,3:28:10
SECOM,Success,下午 12:28:07,下午 02:09:41,931.5 GB,493.2 GB,1.1 GB,1:41:33
SECOM,Success,下午 12:28:07,下午 02:09:41,931.5 GB,493.2 GB,1.1 GB,1:41:33
MAWF,Success,下午 02:18:06,下午 03:59:07,400 GB,257.5 GB,267.7 MB,1:41:00
MAWF,Success,下午 05:18:04,下午 07:36:31,400 GB,257.6 GB,1.3 GB,2:18:26
MAWF,Success,下午 10:17:53,下午 11:47:27,400 GB,257.5 GB,196.2 MB,1:29:34
SECOM,Success,下午 09:27:52,下午 11:59:15,931.5 GB,493.2 GB,1.8 GB,2:31:23
MAWF,Success,上午 03:21:40,上午 06:27:18,400 GB,257.6 GB,677.7 MB,3:05:37
SECOM,Success,上午 06:28:17,上午 08:59:56,931.5 GB,495.1 GB,763.5 MB,2:31:39
MAWF,Success,上午 09:18:06,上午 10:45:02,400 GB,257.6 GB,178.7 MB,1:26:56
MAWF,Success,下午 12:18:06,下午 01:54:02,400 GB,257.6 GB,303.7 MB,1:35:56
MAWF,Success,下午 07:18:02,下午 08:48:49,400 GB,257.6 GB,386.2 MB,1:30:46
MAWF,Success,下午 10:17:53,下午 11:30:32,400 GB,257.6 GB,189.2 MB,1:12:39
SECOM,Success,下午 10:28:03,上午 01:10:54,931.5 GB,495.2 GB,1.5 GB,2:42:51
MAWF,Success,上午 03:18:26,上午 06:06:05,400 GB,257.6 GB,642.2 MB,2:47:38
SECOM,Success,上午 05:27:52,上午 08:03:05,931.5 GB,493.7 GB,862.4 MB,2:35:13
MAWF,Success,下午 12:17:46,下午 01:16:45,400 GB,257.6 GB,226.7 MB,0:58:59
MAWF,Success,下午 04:58:18,下午 06:21:45,400 GB,257.6 GB,179.7 MB,1:23:26
SECOM,Success,上午 05:27:58,上午 08:29:26,931.5 GB,494.3 GB,364.4 MB,3:01:28
MAWF,Success,下午 09:18:14,下午 11:35:28,400 GB,257.6 GB,233.2 MB,2:17:14
SECOM,Success,上午 05:27:56,上午 07:59:31,931.5 GB,493.5 GB,438.4 MB,2:31:35
MAWF,Success,上午 08:17:58,上午 09:46:45,400 GB,257.6 GB,172.2 MB,1:28:46
MAWF,Success,上午 11:17:47,下午 01:00:06,400 GB,257.6 GB,349.7 MB,1:42:18
SECOM,Success,上午 11:27:56,下午 01:42:41,931.5 GB,493.5 GB,1.5 GB,2:14:45
MAWF,Success,下午 05:25:51,下午 07:22:13,400 GB,257.6 GB,148.7 MB,1:56:21
MAWF,Success,上午 09:18:00,上午 10:34:26,400 GB,257.6 GB,257.2 MB,1:16:26
MAWF,Success,下午 01:17:53,下午 03:44:26,400 GB,257.6 GB,275.2 MB,2:26:33
MAWF,Success,下午 06:37:02,下午 08:34:54,400 GB,257.6 GB,254.2 MB,1:57:52
MAWF,Success,下午 11:18:04,上午 01:48:19,400 GB,257.6 GB,196.2 MB,2:30:14
MAWF,Success,上午 09:17:52,上午 10:42:14,400 GB,257.6 GB,182.7 MB,1:24:21
SECOM,Success,上午 08:28:16,上午 10:47:02,931.5 GB,493.6 GB,997.4 MB,2:18:45
MAWF,Success,下午 05:19:40,下午 06:31:49,400 GB,257.6 GB,1.1 GB,1:12:08
SECOM,Success,下午 05:27:44,下午 07:56:01,931.5 GB,493.6 GB,697.9 MB,2:28:16
MAWF,Success,下午 11:17:53,上午 12:45:33,400 GB,257.6 GB,273.2 MB,1:27:40
SECOM,Success,下午 11:28:14,上午 02:37:49,931.5 GB,493.6 GB,974.9 MB,3:09:35
MAWF,Success,上午 06:17:51,上午 07:38:06,400 GB,257.6 GB,270.2 MB,1:20:15
MAWF,Success,上午 10:17:50,下午 12:32:30,400 GB,257.6 GB,173.2 MB,2:14:40
MAWF,Success,下午 02:18:07,下午 04:36:46,400 GB,257.7 GB,233.2 MB,2:18:38
MAWF,Success,下午 07:18:07,下午 09:24:52,400 GB,257.7 GB,371.2 MB,2:06:44
MAWF,Success,上午 10:18:07,上午 11:43:27,400 GB,258.1 GB,374.8 MB,1:25:19
MAWF,Success,下午 10:17:46,下午 11:17:16,400 GB,258.2 GB,200.3 MB,0:59:30
MAWF,Success,上午 08:18:08,上午 09:41:37,400 GB,258.2 GB,445.3 MB,1:23:28
MAWF,Success,下午 12:18:05,下午 01:56:51,400 GB,258.2 GB,1020.8 MB,1:38:45
SECOM,Success,下午 03:27:57,下午 05:09:24,931.5 GB,493.9 GB,427.4 MB,1:41:27
MAWF,Success,下午 04:17:49,下午 06:54:12,400 GB,258.2 GB,331.3 MB,2:36:22
SECOM,Success,上午 12:27:56,上午 03:16:37,931.5 GB,494 GB,4 GB,2:48:40
MAWF,Success,上午 07:17:44,上午 09:04:47,400 GB,258.3 GB,243.8 MB,1:47:03
MAWF,Success,上午 11:18:01,下午 01:01:52,400 GB,258.3 GB,491.8 MB,1:43:51
MAWF,Success,上午 04:21:48,上午 07:38:09,400 GB,258.4 GB,388.3 MB,3:16:20
SECOM,Success,上午 07:28:06,上午 09:55:16,931.5 GB,494.2 GB,628.9 MB,2:27:10
MAWF,Success,下午 02:17:55,下午 03:47:22,400 GB,258.4 GB,195.8 MB,1:29:26
SECOM,Success,下午 01:28:04,下午 04:00:53,931.5 GB,494.2 GB,2.6 GB,2:32:48
MAWF,Success,下午 11:18:23,上午 01:57:57,400 GB,258.4 GB,197.3 MB,2:39:33
MAWF,Success,上午 11:17:48,下午 12:50:28,400 GB,258.4 GB,530.3 MB,1:32:40
MAWF,Success,下午 02:17:48,下午 03:20:46,400 GB,258.4 GB,1 GB,1:02:57
SECOM,Success,下午 02:27:59,下午 04:50:55,931.5 GB,494.3 GB,669.4 MB,2:22:55
MAWF,Success,下午 04:17:50,下午 05:37:48,400 GB,258.5 GB,1 GB,1:19:57
MAWF,Success,下午 08:17:56,下午 09:28:48,400 GB,258.5 GB,206.8 MB,1:10:51
SECOM,Success,下午 08:27:59,下午 11:13:19,931.5 GB,494.3 GB,537.4 MB,2:45:19
MAWF,Success,下午 06:17:59,下午 07:54:06,400 GB,258.6 GB,2.3 GB,1:36:06
MAWF,Success,下午 09:17:59,下午 10:27:58,400 GB,258.6 GB,210.8 MB,1:09:59
SECOM,Success,下午 09:28:06,上午 12:22:41,931.5 GB,494.4 GB,1.3 GB,2:54:35
SECOM,Success,上午 04:28:03,上午 07:16:19,931.5 GB,495.3 GB,1.1 GB,2:48:15
MAWF,Success,上午 11:31:12,下午 12:54:16,400 GB,258.6 GB,1.5 GB,1:23:03
MAWF,Success,下午 07:18:38,下午 08:49:58,400 GB,258.8 GB,1.8 GB,1:31:19
MAWF,Success,下午 11:18:12,上午 12:17:56,400 GB,258.8 GB,202.3 MB,0:59:44
MAWF,Success,上午 08:17:56,上午 09:39:28,400 GB,258.8 GB,195.3 MB,1:21:32
MAWF,Success,下午 05:33:07,下午 06:52:18,400 GB,258.9 GB,1.1 GB,1:19:11
MAWF,Success,下午 09:19:51,下午 10:30:51,400 GB,258.9 GB,379.8 MB,1:10:59
SECOM,Success,下午 09:27:55,上午 12:04:39,931.5 GB,495.6 GB,1.2 GB,2:36:43
SECOM,Success,上午 08:27:59,上午 11:30:50,931.5 GB,497.3 GB,737.1 MB,3:02:51
MAWF,Success,下午 02:18:12,下午 03:57:49,400 GB,259 GB,757.8 MB,1:39:36
MAWF,Success,下午 06:37:18,下午 07:47:06,400 GB,259 GB,1.4 GB,1:09:47
MAWF,Success,下午 10:17:57,上午 12:25:36,400 GB,259 GB,196.8 MB,2:07:38
MAWF,Success,下午 02:18:05,下午 04:33:23,400 GB,259.1 GB,326.3 MB,2:15:18
MAWF,Success,下午 07:18:09,下午 08:33:10,400 GB,259.1 GB,361.8 MB,1:15:00
SECOM,Success,下午 08:27:48,下午 10:49:40,931.5 GB,495 GB,284.5 MB,2:21:52
MAWF,Success,下午 11:18:07,上午 12:54:26,400 GB,259.1 GB,198.3 MB,1:36:18
MAWF,Success,下午 04:18:05,下午 06:03:52,400 GB,259.1 GB,388.8 MB,1:45:47
MAWF,Success,下午 08:17:43,下午 09:15:00,400 GB,259.1 GB,206.8 MB,0:57:16
SECOM,Success,下午 11:28:00,上午 02:10:11,931.5 GB,495 GB,719.5 MB,2:42:11
MAWF,Success,上午 10:17:51,上午 11:15:26,400 GB,259.2 GB,586.3 MB,0:57:35
MAWF,Success,下午 02:17:53,下午 03:43:26,400 GB,259.2 GB,917.3 MB,1:25:32
SECOM,Success,下午 02:27:56,下午 05:17:46,931.5 GB,496.5 GB,1.1 GB,2:49:50
MAWF,Success,下午 05:26:17,下午 06:24:06,400 GB,259.2 GB,578.8 MB,0:57:48
MAWF,Success,下午 09:18:15,下午 10:30:03,400 GB,259.2 GB,976.3 MB,1:11:48
SECOM,Success,下午 09:28:02,上午 12:16:02,931.5 GB,496.7 GB,1.3 GB,2:47:59
MAWF,Success,上午 09:18:25,上午 10:46:49,400 GB,259.6 GB,930.9 MB,1:28:23
MAWF,Success,下午 01:17:59,下午 03:40:10,400 GB,259.6 GB,497.9 MB,2:22:10
SECOM,Success,下午 05:28:05,下午 07:50:03,931.5 GB,496.3 GB,1.3 GB,2:21:58
MAWF,Success,下午 06:30:40,下午 07:57:58,400 GB,259.6 GB,2 GB,1:27:17
MAWF,Success,下午 10:18:20,上午 12:51:24,400 GB,259.6 GB,190.3 MB,2:33:04
MAWF,Success,下午 12:17:55,下午 01:34:24,400 GB,259.5 GB,228.8 MB,1:16:28
MAWF,Success,下午 04:17:44,下午 05:13:09,400 GB,259.5 GB,247.3 MB,0:55:25
SECOM,Success,下午 07:27:48,下午 09:39:41,931.5 GB,496.2 GB,288 MB,2:11:52
MAWF,Success,下午 08:17:49,下午 09:44:15,400 GB,259.5 GB,203.3 MB,1:26:25
MAWF,Success,上午 09:17:40,上午 10:15:28,400 GB,259.5 GB,731.9 MB,0:57:48
MAWF,Success,下午 01:17:57,下午 02:37:59,400 GB,259.5 GB,520.4 MB,1:20:02
MAWF,Success,下午 04:17:43,下午 05:38:06,400 GB,259.5 GB,454.4 MB,1:20:23
MAWF,Success,下午 08:18:03,下午 10:35:39,400 GB,259.5 GB,230.8 MB,2:17:36
MAWF,Success,上午 09:17:49,下午 12:00:31,400 GB,259.6 GB,311.4 MB,2:42:41
MAWF,Success,下午 10:17:58,上午 12:06:48,400 GB,259.6 GB,186.4 MB,1:48:50
SECOM,Success,上午 06:28:03,上午 08:42:06,931.5 GB,498.7 GB,310.7 MB,2:14:03
SECOM,Success,上午 11:28:09,下午 01:52:23,931.5 GB,498.7 GB,1.3 GB,2:24:14
MAWF,Success,下午 12:18:03,下午 01:53:11,400 GB,259.6 GB,212.8 MB,1:35:08
MAWF,Success,下午 04:18:07,下午 06:56:48,400 GB,259.6 GB,193.3 MB,2:38:40
MAWF,Success,下午 11:18:07,上午 01:33:21,400 GB,259.6 GB,321.9 MB,2:15:13
SECOM,Success,上午 06:27:56,上午 09:17:56,931.5 GB,496.3 GB,514.1 MB,2:50:00
MAWF,Success,上午 10:17:53,上午 11:46:41,400 GB,259.7 GB,232.4 MB,1:28:47
MAWF,Success,下午 01:17:52,下午 02:21:52,400 GB,259.7 GB,191.9 MB,1:03:59
SECOM,Success,下午 01:28:08,下午 04:19:26,931.5 GB,496.3 GB,2.8 GB,2:51:18
SECOM,Success,下午 06:28:09,下午 08:51:22,931.5 GB,496.3 GB,310.6 MB,2:23:12
SECOM,Success,下午 11:27:58,上午 02:55:00,931.5 GB,496.3 GB,885.1 MB,3:27:02
MAWF,Success,上午 08:17:56,上午 09:42:40,400 GB,259.6 GB,344.9 MB,1:24:43
MAWF,Success,下午 12:18:04,下午 01:38:18,400 GB,259.7 GB,387.9 MB,1:20:13
SECOM,Success,下午 12:28:08,下午 03:14:08,931.5 GB,496.4 GB,1.9 GB,2:46:00
MAWF,Success,上午 12:35:28,上午 03:56:17,400 GB,280.3 GB,22.3 GB,3:20:48
MAWF,Success,上午 09:18:05,上午 10:30:35,400 GB,259.7 GB,424.9 MB,1:12:29
MAWF,Success,下午 01:17:59,下午 02:13:15,400 GB,259.7 GB,383.4 MB,0:55:16
MAWF,Success,下午 05:33:55,下午 07:15:49,400 GB,259.8 GB,418.4 MB,1:41:54
MAWF,Success,下午 10:17:50,下午 11:30:53,400 GB,259.7 GB,194.4 MB,1:13:02
SECOM,Success,下午 10:27:54,上午 01:42:34,931.5 GB,497.4 GB,1.5 GB,3:14:40
SECOM,Success,上午 05:27:59,上午 08:29:33,931.5 GB,496.5 GB,500.1 MB,3:01:34
MAWF,Success,下午 03:17:57,下午 04:32:20,400 GB,259.9 GB,357.9 MB,1:14:23
SECOM,Success,下午 06:28:07,下午 08:54:09,931.5 GB,496.6 GB,349.6 MB,2:26:01
MAWF,Success,下午 11:18:07,上午 01:44:42,400 GB,259.9 GB,207.4 MB,2:26:34
MAWF,Success,上午 11:17:57,下午 02:06:17,400 GB,259.9 GB,1.5 GB,2:48:19
MAWF,Success,下午 06:18:09,下午 07:31:35,400 GB,260 GB,1.1 GB,1:13:25
SECOM,Success,下午 06:27:43,下午 09:12:01,931.5 GB,496.7 GB,395.6 MB,2:44:17
MAWF,Success,下午 10:17:56,下午 11:08:36,400 GB,259.9 GB,192.4 MB,0:50:40
MAWF,Success,上午 03:18:04,上午 06:12:24,400 GB,259.9 GB,800.9 MB,2:54:19
SECOM,Success,上午 05:27:59,上午 07:47:29,931.5 GB,498.2 GB,388.2 MB,2:19:30
MAWF,Success,上午 11:18:12,下午 01:46:07,400 GB,260 GB,727.9 MB,2:27:55
MAWF,Success,下午 08:18:13,下午 09:42:49,400 GB,260 GB,205.9 MB,1:24:36
MAWF,Success,下午 11:18:04,上午 01:00:09,400 GB,260 GB,205.9 MB,1:42:04
SECOM,Success,上午 05:27:59,上午 08:15:49,931.5 GB,497 GB,448.6 MB,2:47:50
MAWF,Success,上午 08:18:14,上午 09:47:35,400 GB,260 GB,206.4 MB,1:29:20
MAWF,Success,下午 12:17:54,下午 01:48:11,400 GB,260 GB,209.4 MB,1:30:17
SECOM,Success,上午 11:27:58,下午 01:54:27,931.5 GB,497 GB,1.8 GB,2:26:29
MAWF,Success,下午 08:18:09,下午 09:43:05,400 GB,260 GB,204.9 MB,1:24:56
SECOM,Success,上午 07:28:01,上午 09:53:14,931.5 GB,497 GB,269.1 MB,2:25:13
MAWF,Success,上午 10:18:05,上午 11:46:33,400 GB,260.1 GB,207.4 MB,1:28:27
MAWF,Success,下午 01:17:56,下午 03:43:57,400 GB,260.1 GB,197.4 MB,2:26:00
MAWF,Success,下午 06:26:31,下午 08:08:26,400 GB,260.1 GB,256.4 MB,1:41:55
SECOM,Success,上午 04:27:50,上午 06:38:09,931.5 GB,498 GB,463.7 MB,2:10:19
MAWF,Success,上午 10:17:44,上午 11:14:09,400 GB,260.1 GB,1017.9 MB,0:56:24
SECOM,Success,上午 10:27:54,下午 01:38:19,931.5 GB,498.1 GB,1.5 GB,3:10:25
MAWF,Success,下午 01:17:40,下午 02:15:57,400 GB,260.1 GB,320.4 MB,0:58:16
MAWF,Success,下午 05:39:39,下午 07:43:48,400 GB,260.2 GB,1.2 GB,2:04:08
MAWF,Success,下午 10:17:47,上午 12:51:49,400 GB,260.2 GB,217.4 MB,2:34:02
MAWF,Success,下午 12:21:45,下午 01:43:24,400 GB,260.2 GB,2.2 GB,1:21:39
MAWF,Success,下午 04:18:07,下午 06:41:16,400 GB,260.2 GB,375.9 MB,2:23:09
MAWF,Success,下午 08:18:00,下午 09:18:43,400 GB,260.2 GB,313.9 MB,1:00:42
SECOM,Success,上午 04:27:52,上午 06:28:02,931.5 GB,497.7 GB,335.6 MB,2:00:10
MAWF,Success,上午 10:17:56,上午 11:45:28,400 GB,260.3 GB,486.4 MB,1:27:32
SECOM,Success,上午 09:27:54,上午 11:56:22,931.5 GB,497.7 GB,1.8 GB,2:28:28
MAWF,Success,下午 02:17:50,下午 04:50:52,400 GB,260.3 GB,625.9 MB,2:33:02
SECOM,Success,下午 06:27:54,下午 09:35:57,931.5 GB,497.9 GB,1.1 GB,3:08:02
MAWF,Success,下午 12:17:54,下午 01:43:43,400 GB,260.8 GB,444.9 MB,1:25:48
MAWF,Success,下午 08:37:08,下午 09:57:03,400 GB,260.9 GB,425.9 MB,1:19:55
MAWF,Success,上午 10:18:08,上午 11:39:13,400 GB,260.9 GB,527.4 MB,1:21:05
MAWF,Success,上午 10:18:08,上午 11:39:13,400 GB,260.9 GB,527.4 MB,1:21:05
MAWF,Success,下午 02:17:46,下午 03:25:12,400 GB,260.9 GB,484.9 MB,1:07:25
SECOM,Success,下午 05:27:53,下午 07:54:26,931.5 GB,497.9 GB,399.2 MB,2:26:32
MAWF,Success,下午 06:33:36,下午 07:59:54,400 GB,260.9 GB,1.4 GB,1:26:17
MAWF,Success,上午 11:17:54,下午 12:41:46,400 GB,260.9 GB,369.9 MB,1:23:51
MAWF,Success,下午 03:17:57,下午 04:36:38,400 GB,260.9 GB,258.4 MB,1:18:41
SECOM,Success,下午 04:28:07,下午 06:58:27,931.5 GB,498 GB,848.7 MB,2:30:19
MAWF,Success,下午 06:26:48,下午 07:49:51,400 GB,260.9 GB,248.4 MB,1:23:02
MAWF,Success,下午 10:18:27,下午 11:33:35,400 GB,260.9 GB,205.4 MB,1:15:08
SECOM,Success,下午 10:28:00,上午 01:18:24,931.5 GB,498 GB,1.3 GB,2:50:23
SECOM,Success,上午 03:27:59,上午 05:34:04,931.5 GB,498 GB,393.7 MB,2:06:04
MAWF,Success,上午 09:17:51,上午 10:25:47,400 GB,260.9 GB,444.4 MB,1:07:55
SECOM,Success,上午 09:27:55,下午 12:17:33,931.5 GB,498.1 GB,3.4 GB,2:49:37
MAWF,Success,下午 01:17:59,下午 02:37:10,400 GB,260.9 GB,345.4 MB,1:19:10
SECOM,Success,下午 02:28:00,下午 04:53:23,931.5 GB,498.1 GB,416.2 MB,2:25:22
SECOM,Success,下午 07:27:59,下午 10:02:51,931.5 GB,498.1 GB,926.2 MB,2:34:51
MAWF,Success,上午 09:17:48,上午 10:42:12,400 GB,261 GB,911.5 MB,1:24:23
MAWF,Success,下午 01:17:51,下午 03:47:21,400 GB,261.1 GB,439.4 MB,2:29:29
MAWF,Success,下午 06:33:45,下午 07:55:04,400 GB,261 GB,655.5 MB,1:21:19
MAWF,Success,下午 10:18:05,上午 12:52:56,400 GB,261.1 GB,221.4 MB,2:34:51
MAWF,Success,上午 10:17:43,上午 11:44:52,400 GB,261.1 GB,460.9 MB,1:27:09
MAWF,Success,下午 06:31:54,下午 07:30:25,400 GB,261.2 GB,900.5 MB,0:58:30
MAWF,Success,下午 10:17:59,下午 11:49:35,400 GB,261.2 GB,249.9 MB,1:31:36
MAWF,Success,上午 08:17:57,上午 10:36:15,400 GB,261.1 GB,191.4 MB,2:18:18
MAWF,Success,下午 01:17:53,下午 02:48:17,400 GB,261.1 GB,342.4 MB,1:30:24
MAWF,Success,下午 05:37:32,下午 07:25:21,400 GB,261.1 GB,1.7 GB,1:47:48
MAWF,Success,下午 10:18:08,下午 11:48:41,400 GB,261.1 GB,196.9 MB,1:30:33
SECOM,Success,上午 04:28:00,上午 06:55:30,931.5 GB,498.4 GB,301.2 MB,2:27:29
MAWF,Success,下午 05:18:05,下午 06:36:48,400 GB,261.3 GB,1.6 GB,1:18:42
MAWF,Success,下午 09:18:10,下午 10:46:27,400 GB,261.3 GB,203.5 MB,1:28:16
SECOM,Success,上午 05:27:59,上午 08:07:03,931.5 GB,503.8 GB,385 MB,2:39:03
MAWF,Success,下午 12:18:16,下午 01:39:58,400 GB,261.4 GB,1.1 GB,1:21:42
MAWF,Success,下午 10:18:22,上午 01:06:01,400 GB,261.6 GB,208 MB,2:47:39
MAWF,Success,下午 03:18:13,下午 05:46:17,400 GB,261.6 GB,272 MB,2:28:04
MAWF,Success,下午 08:18:17,下午 09:29:40,400 GB,261.6 GB,240 MB,1:11:23
SECOM,Success,下午 08:28:05,下午 11:11:36,931.5 GB,502.7 GB,1.6 GB,2:43:30
SECOM,Success,下午 02:28:04,下午 04:53:04,931.5 GB,503.5 GB,549 MB,2:25:00
MAWF,Success,下午 11:18:17,上午 01:49:34,400 GB,261.6 GB,289 MB,2:31:17
MAWF,Success,上午 09:17:53,上午 10:43:46,400 GB,261.6 GB,455 MB,1:25:53
MAWF,Success,下午 01:18:03,下午 02:22:44,400 GB,261.6 GB,581.5 MB,1:04:40
MAWF,Success,下午 05:19:25,下午 06:17:25,400 GB,258.9 GB,1.5 GB,0:58:00
SECOM,Success,下午 10:28:01,上午 01:28:27,931.5 GB,502.6 GB,1.6 GB,3:00:25
SECOM,Success,上午 04:28:15,上午 06:54:37,931.5 GB,502.7 GB,287.5 MB,2:26:22
MAWF,Success,上午 10:18:02,上午 11:43:16,400 GB,261.6 GB,437 MB,1:25:13
MAWF,Success,下午 02:18:15,下午 04:20:52,400 GB,261.6 GB,392 MB,2:02:36
SECOM,Success,下午 02:28:03,下午 06:40:18,931.5 GB,502.8 GB,435 MB,4:12:15
MAWF,Success,上午 01:40:44,上午 06:02:37,400 GB,282.5 GB,22.7 GB,4:21:52
SECOM,Success,上午 08:28:13,下午 12:41:19,931.5 GB,504.1 GB,2.4 GB,4:13:06
MAWF,Success,下午 12:17:58,下午 01:49:19,400 GB,261.7 GB,1.3 GB,1:31:21
MAWF,Success,下午 04:17:55,下午 05:44:02,400 GB,261.7 GB,530 MB,1:26:06
SECOM,Success,下午 04:28:17,下午 07:20:26,931.5 GB,504.1 GB,1.3 GB,2:52:08
MAWF,Success,下午 08:18:05,下午 09:53:56,400 GB,261.8 GB,226.5 MB,1:35:51
MAWF,Success,上午 11:17:58,下午 12:16:21,400 GB,261.8 GB,943.5 MB,0:58:23
MAWF,Success,下午 03:34:20,下午 04:58:38,400 GB,261.8 GB,481 MB,1:24:18
SECOM,Success,下午 04:27:55,下午 07:14:53,931.5 GB,505.2 GB,1.5 GB,2:46:58
MAWF,Success,下午 06:27:36,下午 07:57:01,400 GB,261.8 GB,711 MB,1:29:25
MAWF,Success,下午 10:17:47,下午 11:36:58,400 GB,261.8 GB,194 MB,1:19:10
SECOM,Success,下午 10:27:55,上午 01:16:40,931.5 GB,505.2 GB,976.6 MB,2:48:44
SECOM,Success,上午 05:28:01,上午 08:28:48,931.5 GB,503.7 GB,944.5 MB,3:00:47
MAWF,Success,下午 10:18:15,上午 12:53:46,400 GB,261.9 GB,208.5 MB,2:35:31
SECOM,Success,上午 07:28:22,上午 09:49:31,931.5 GB,505.2 GB,559.1 MB,2:21:09
MAWF,Success,下午 03:18:09,下午 04:55:54,400 GB,262.2 GB,433 MB,1:37:45
SECOM,Success,下午 06:27:50,下午 08:40:48,931.5 GB,505.2 GB,541.6 MB,2:12:58
MAWF,Success,下午 07:17:46,下午 08:41:02,400 GB,262.2 GB,394 MB,1:23:16
SECOM,Success,上午 07:27:59,上午 09:49:26,931.5 GB,506.3 GB,336.7 MB,2:21:27
MAWF,Success,下午 02:17:57,下午 03:13:24,400 GB,262.2 GB,192.5 MB,0:55:27
SECOM,Success,下午 05:28:05,下午 07:50:17,931.5 GB,506.4 GB,780.2 MB,2:22:12
MAWF,Success,下午 10:18:12,上午 01:23:01,400 GB,262.2 GB,193 MB,3:04:48
MAWF,Success,下午 02:19:25,下午 03:44:13,400 GB,259.6 GB,343.4 MB,1:24:47
MAWF,Success,下午 07:37:43,下午 09:39:25,400 GB,262.3 GB,465 MB,2:01:41
MAWF,Success,上午 10:18:05,下午 12:10:44,400 GB,262.4 GB,377 MB,1:52:38
MAWF,Success,下午 03:17:50,下午 05:43:49,400 GB,262.4 GB,462.5 MB,2:25:58
MAWF,Success,下午 08:26:40,下午 09:57:19,400 GB,262.4 GB,266 MB,1:30:39
MAWF,Success,下午 01:18:11,下午 02:31:45,400 GB,262.7 GB,571.5 MB,1:13:33
SECOM,Success,下午 01:27:59,下午 04:11:23,931.5 GB,505 GB,1.2 GB,2:43:24
MAWF,Success,下午 11:18:06,上午 12:18:28,400 GB,262.7 GB,202.5 MB,1:00:22
MAWF,Success,下午 01:18:11,下午 02:29:13,400 GB,262.7 GB,300.5 MB,1:11:02
SECOM,Success,下午 01:27:44,下午 03:55:24,931.5 GB,506.7 GB,1.2 GB,2:27:39
MAWF,Success,下午 04:17:44,下午 06:14:09,400 GB,262.7 GB,185.5 MB,1:56:24
MAWF,Success,上午 10:17:55,下午 12:44:11,400 GB,262.7 GB,170 MB,2:26:15
MAWF,Success,下午 04:17:52,下午 05:53:04,400 GB,262.7 GB,221 MB,1:35:11
MAWF,Success,下午 09:17:57,下午 11:44:35,400 GB,262.7 GB,239 MB,2:26:38
SECOM,Success,下午 09:27:58,上午 01:43:17,931.5 GB,504.2 GB,1.6 GB,4:15:19
SECOM,Success,上午 04:28:03,上午 07:30:32,931.5 GB,504.2 GB,470.6 MB,3:02:28
MAWF,Success,上午 06:18:00,上午 07:49:23,400 GB,262.7 GB,185.5 MB,1:31:22
MAWF,Success,上午 11:18:00,下午 01:32:05,400 GB,262.8 GB,362 MB,2:14:05
MAWF,Success,下午 08:17:49,下午 09:27:00,400 GB,262.8 GB,214 MB,1:09:11
SECOM,Success,上午 07:28:02,上午 09:54:01,931.5 GB,505.3 GB,216.1 MB,2:25:58
MAWF,Success,下午 01:18:03,下午 02:44:54,400 GB,262.7 GB,459 MB,1:26:50
SECOM,Success,下午 12:28:05,下午 03:03:04,931.5 GB,505.3 GB,1.7 GB,2:34:58
MAWF,Success,上午 06:19:18,上午 06:24:01,400 GB,265 MB,258.3 MB,0:04:43
MAWF,Success,上午 08:17:41,上午 09:22:27,400 GB,262.8 GB,201 MB,1:04:45
MAWF,Success,下午 04:18:13,下午 06:37:46,400 GB,262.9 GB,367.1 MB,2:19:32
SECOM,Success,上午 06:27:47,上午 07:57:44,931.5 GB,504.5 GB,721.1 MB,1:29:56
MAWF,Success,下午 02:17:51,下午 04:21:45,400 GB,262.9 GB,570.1 MB,2:03:54
MAWF,Success,下午 10:17:59,下午 11:50:07,400 GB,262.9 GB,202.6 MB,1:32:07
MAWF,Success,上午 09:18:17,上午 11:06:33,400 GB,263 GB,378.6 MB,1:48:16
SECOM,Success,上午 09:28:04,下午 01:40:00,931.5 GB,504.5 GB,3.2 GB,4:11:56
MAWF,Success,下午 01:31:21,下午 02:58:25,400 GB,263 GB,2.5 GB,1:27:03
MAWF,Success,下午 05:38:29,下午 07:03:07,400 GB,263.1 GB,1.6 GB,1:24:37
MAWF,Success,下午 09:18:09,下午 11:42:09,400 GB,263.1 GB,432.1 MB,2:23:59
MAWF,Success,下午 01:17:51,下午 02:57:59,400 GB,263.2 GB,487.1 MB,1:40:08
MAWF,Success,上午 07:20:41,上午 07:27:54,400 GB,394 MB,344.8 MB,0:07:13
MAWF,Success,上午 09:17:49,上午 10:40:24,400 GB,263.3 GB,300.6 MB,1:22:35
MAWF,Success,下午 01:17:40,下午 02:52:11,400 GB,263.3 GB,397.1 MB,1:34:31
MAWF,Success,下午 06:40:30,下午 08:42:39,400 GB,263.3 GB,774.6 MB,2:02:08
SECOM,Success,上午 09:27:46,下午 12:27:11,931.5 GB,508.7 GB,1.1 GB,2:59:25
MAWF,Success,下午 03:18:10,下午 05:36:11,400 GB,263.3 GB,237.6 MB,2:18:01
MAWF,Success,下午 08:17:56,下午 09:44:27,400 GB,263.3 GB,198.6 MB,1:26:30
SECOM,Success,下午 07:27:57,下午 09:53:08,931.5 GB,508.8 GB,728.3 MB,2:25:10
MAWF,Success,下午 01:17:54,下午 02:26:22,400 GB,263.4 GB,393.1 MB,1:08:27
SECOM,Success,下午 01:28:00,下午 04:02:45,931.5 GB,508.8 GB,1.8 GB,2:34:45
MAWF,Success,上午 03:00:55,上午 07:34:35,400 GB,263.6 GB,12.6 GB,4:33:39
SECOM,Success,上午 05:27:51,上午 07:48:01,931.5 GB,508.8 GB,312.8 MB,2:20:09
MAWF,Success,下午 02:19:16,下午 03:50:13,400 GB,263.6 GB,373.6 MB,1:30:56
MAWF,Success,下午 06:34:33,下午 09:21:10,400 GB,263.6 GB,618.1 MB,2:46:37
MAWF,Success,上午 12:43:26,上午 04:53:52,400 GB,284.6 GB,23 GB,4:10:25
MAWF,Success,上午 10:17:52,上午 11:45:18,400 GB,263.6 GB,598.6 MB,1:27:25
MAWF,Success,下午 06:35:06,下午 08:28:45,400 GB,263.7 GB,1.6 GB,1:53:38
MAWF,Success,下午 11:18:13,上午 01:54:28,400 GB,263.7 GB,199.6 MB,2:36:14
SECOM,Success,上午 05:28:16,上午 06:59:10,931.5 GB,509 GB,361.9 MB,1:30:54
MAWF,Success,上午 10:17:58,上午 11:33:29,400 GB,263.9 GB,681.6 MB,1:15:31
SECOM,Success,上午 10:28:01,下午 01:08:43,931.5 GB,509 GB,1.6 GB,2:40:41
SECOM,Success,下午 03:27:57,下午 05:57:53,931.5 GB,509 GB,384.9 MB,2:29:56
MAWF,Success,下午 09:18:23,下午 10:28:52,400 GB,264.9 GB,196.7 MB,1:10:29
SECOM,Success,下午 09:28:11,上午 12:27:20,931.5 GB,509.1 GB,1.6 GB,2:59:08
SECOM,Success,上午 04:27:49,上午 06:03:10,931.5 GB,509.1 GB,397.9 MB,1:35:21
MAWF,Success,下午 03:17:52,下午 05:51:15,400 GB,264.9 GB,587.7 MB,2:33:22
MAWF,Success,下午 08:18:18,下午 09:45:13,400 GB,264.9 GB,226.7 MB,1:26:54
MAWF,Success,上午 10:18:04,上午 11:29:34,400 GB,264.9 GB,403.2 MB,1:11:29
MAWF,Success,下午 02:17:56,下午 04:42:52,400 GB,264.9 GB,502.2 MB,2:24:56
MAWF,Success,下午 07:30:54,下午 08:56:01,400 GB,264.9 GB,625.2 MB,1:25:07
MAWF,Success,上午 09:17:49,上午 10:32:09,400 GB,264.9 GB,170.7 MB,1:14:19
MAWF,Success,下午 01:18:06,下午 02:43:40,400 GB,264.9 GB,278.7 MB,1:25:34
MAWF,Success,上午 05:17:56,上午 08:51:14,400 GB,265 GB,798.7 MB,3:33:17
SECOM,Success,上午 07:28:12,上午 10:02:17,931.5 GB,509.4 GB,210.4 MB,2:34:05
SECOM,Success,下午 06:28:14,下午 08:45:40,931.5 GB,509.4 GB,260.4 MB,2:17:26
MAWF,Success,下午 11:18:13,上午 01:40:09,400 GB,265 GB,190.7 MB,2:21:55
MAWF,Success,上午 08:18:06,上午 10:38:17,400 GB,264.9 GB,211.2 MB,2:20:10
MAWF,Success,下午 02:17:53,下午 03:21:21,400 GB,265.1 GB,499.7 MB,1:03:27
SECOM,Success,下午 02:28:01,下午 05:14:53,931.5 GB,509.5 GB,499.4 MB,2:46:51
MAWF,Success,下午 04:17:58,下午 05:49:56,400 GB,265.1 GB,779.7 MB,1:31:58
MAWF,Success,下午 08:18:11,下午 10:27:13,400 GB,265.1 GB,654.2 MB,2:09:01
MAWF,Success,上午 08:18:00,上午 09:56:50,400 GB,265.1 GB,188.2 MB,1:38:49
MAWF,Success,上午 11:17:55,下午 12:32:32,400 GB,265.1 GB,797.2 MB,1:14:36
SECOM,Success,上午 11:27:59,下午 01:48:36,931.5 GB,512.2 GB,1.1 GB,2:20:37
MAWF,Success,下午 04:18:02,下午 05:32:33,400 GB,265.1 GB,510.2 MB,1:14:30
SECOM,Success,下午 04:28:05,下午 06:50:30,931.5 GB,512.2 GB,593.6 MB,2:22:24
MAWF,Success,下午 06:28:57,下午 07:28:52,400 GB,265.1 GB,1.6 GB,0:59:54
SECOM,Success,下午 09:28:05,上午 12:03:44,931.5 GB,512.2 GB,1.3 GB,2:35:38
SECOM,Success,上午 02:28:09,上午 05:31:29,931.5 GB,512.4 GB,300.1 MB,3:03:19
MAWF,Success,下午 10:18:18,下午 11:46:23,400 GB,265.1 GB,213.2 MB,1:28:05
MAWF,Success,上午 10:17:43,上午 11:22:03,400 GB,265.2 GB,541.7 MB,1:04:19
MAWF,Success,下午 12:17:56,下午 02:01:47,400 GB,265.2 GB,704.2 MB,1:43:50
MAWF,Success,下午 02:18:10,下午 03:14:06,400 GB,265.2 GB,547.7 MB,0:55:55
MAWF,Success,下午 04:18:10,下午 05:49:20,400 GB,265.2 GB,696.7 MB,1:31:09
MAWF,Success,下午 06:27:51,下午 07:39:48,400 GB,265.2 GB,1.3 GB,1:11:57
MAWF,Success,下午 08:18:06,下午 09:51:54,400 GB,265.2 GB,651.2 MB,1:33:48
MAWF,Success,上午 10:18:14,上午 11:35:27,400 GB,265.3 GB,569.7 MB,1:17:13
SECOM,Success,上午 10:28:01,下午 12:54:51,931.5 GB,512.5 GB,1.4 GB,2:26:50
MAWF,Success,下午 04:18:07,下午 05:57:58,400 GB,265.2 GB,674.7 MB,1:39:51
SECOM,Success,上午 06:28:17,上午 09:00:01,931.5 GB,512.1 GB,1.1 GB,2:31:43
MAWF,Success,下午 02:18:36,下午 05:06:34,400 GB,265.3 GB,1.4 GB,2:47:57
MAWF,Success,下午 10:18:10,上午 01:15:33,400 GB,265.3 GB,421.7 MB,2:57:23
SECOM,Success,上午 06:28:02,上午 08:05:06,931.5 GB,511.5 GB,1008.5 MB,1:37:04
MAWF,Success,下午 04:18:03,下午 05:30:20,400 GB,265.3 GB,479.7 MB,1:12:17
SECOM,Success,下午 04:28:06,下午 06:38:30,931.5 GB,511.7 GB,483 MB,2:10:23
MAWF,Success,下午 06:28:03,下午 07:33:26,400 GB,265.3 GB,281.2 MB,1:05:23
MAWF,Success,下午 08:18:01,下午 09:52:21,400 GB,265.3 GB,332.7 MB,1:34:20
MAWF,Success,下午 10:18:13,下午 11:15:53,400 GB,265.3 GB,274.2 MB,0:57:40
MAWF,Success,上午 08:35:17,上午 09:35:17,400 GB,258.7 GB,126.3 MB,1:00:00
MAWF,Success,上午 10:28:48,上午 11:12:13,400 GB,259.1 GB,127 MB,0:43:24
MAWF,Success,上午 08:39:16,上午 09:26:04,400 GB,259.4 GB,217.2 MB,0:46:48
MAWF,Success,下午 04:29:12,下午 05:29:09,400 GB,260 GB,290.3 MB,0:59:57
MAWF,Success,下午 01:33:29,下午 02:39:01,400 GB,260 GB,226.5 MB,1:05:31
MAWF,Success,下午 08:28:48,下午 09:50:12,400 GB,260.3 GB,257.9 MB,1:21:24
MAWF,Success,下午 11:28:00,上午 12:34:20 (+1),400 GB,260.4 GB,155.7 MB,1:06:19
MAWF,Success,下午 05:19:03,下午 05:21:24,400 GB,4.6 GB,1.2 GB,0:02:20
MAWF,Success,上午 01:16:27,上午 01:24:36,400 GB,24.5 GB,3.6 GB,0:08:09
MAWF,Success,下午 05:29:12,下午 06:11:29,400 GB,261.5 GB,1015.9 MB,0:42:16
MAWF,Success,下午 04:29:09,下午 05:28:49,400 GB,261.5 GB,170.9 MB,0:59:39
MAWF,Success,下午 06:34:14,下午 08:30:54,400 GB,262 GB,1 GB,1:56:39
SECOM,Success,上午 09:28:49,下午 12:55:25,931.5 GB,504.9 GB,923.4 MB,3:26:36
SECOM,Success,上午 05:27:06,上午 07:06:07,931.5 GB,511.6 GB,190.4 MB,1:39:01
MAWF,Success,下午 06:34:13,下午 07:33:12,400 GB,262.6 GB,1.1 GB,0:58:59
MAWF,Success,下午 11:25:36,上午 01:10:31 (+1),400 GB,262.7 GB,146.3 MB,1:44:55
MAWF,Success,下午 05:29:15,下午 06:20:48,400 GB,264.3 GB,1 GB,0:51:32
MAWF,Success,上午 04:16:55,上午 04:21:05,400 GB,8.5 GB,353.7 MB,0:04:10
MAWF,Success,下午 08:29:36,下午 09:17:36,400 GB,264.7 GB,571.2 MB,0:48:00
MAWF,Success,上午 10:17:54,上午 11:48:25,400 GB,265.3 GB,698.7 MB,1:30:30
